user_id,timestamp,heart_rate,deep_sleep,light_sleep,rem_sleep,movement,total_sleep
user_1,2025-06-09 22:19:14.266403,72.61514928204012,1.7297539875829993,3.8829315215254097,1.8158425631014783,14.0,
user_1,2025-06-09 06:39:40.209849,67.68291153593769,1.6831810122259736,3.9313239758386165,,14.0,7.3405398460987
user_1,,66.57123666297637,1.5275927773436369,3.293848149332354,1.793129753784311,7.0,
user_1,2025-06-08 06:21:47.541937,67.27808637737408,1.5386850363146234,3.0636494338478935,1.830699555618878,13.0,7.872836366424426
user_1,2025-06-07 21:41:45.355133,74.26139092254469,1.7959508325786198,3.4711445355220496,1.6645089824206378,,
user_1,2025-06-07 06:03:52.869200,63.359069755507846,1.8156369561655321,3.618837851521132,1.6816458105396348,9.0,7.368753907526568
user_1,2025-06-06 21:56:20.260127,63.494481522053555,1.3564434028897718,3.6400778958026456,1.4078722458080426,8.0,
user_1,2025-06-06 06:44:53.072346,71.62041984697397,1.3179351748481403,3.5046934957414537,1.4690398746921294,17.0,7.809114505462972
user_1,2025-06-05 21:34:37.835493,63.45393812074393,1.8993790294210693,4.48777256356118,1.404165152430942,8.0,
user_1,2025-06-05 06:22:30.868647,74.06262911197099,2.0350030322781514,4.473370539245113,1.5045184422201443,10.0,7.798064765015347
user_1,2025-06-04 22:10:38.939125,,,4.782321827907003,0.9760509791820511,8.0,
,2025-06-04 06:40:39.035047,68.90164056081244,1.8249634454181891,5.077900636855306,0.9242239573546863,12.0,7.500026644961537
user_1,2025-06-03 21:35:33.138550,62.491214782077314,2.0746206353106222,,1.3940479592465922,15.0,
user_1,2025-06-03 06:35:05.709170,66.48973453061323,2.0418544206508455,4.085953924203411,1.2476964644333803,,7.992380727783775
user_1,2025-06-02 21:49:31.540905,60.9886136538919,1.7516142865001973,4.20202542840727,1.8772371802421062,18.0,
user_1,2025-06-02 06:28:59.924380,60.40614392350479,1.7489628989552757,4.214071470395475,2.1235613914906346,7.0,7.657884298516109
user_1,2025-06-01 21:54:02.177298,66.50773671166806,1.7895864690884271,3.415660981190234,1.7285645629030042,7.0,
user_1,2025-06-01 06:39:23.468017,77.0139715546805,1.649401362809199,3.533032399950288,1.9476101254840021,9.0,7.755914088599766
user_1,2025-05-31 21:30:05.461650,62.16851135198614,1.8298954095262925,3.7482621729419003,1.1898673137867735,11.0,
user_1,,65.40287882883098,1.9848888500280464,3.591611514474653,1.1576611621662058,12.0,
user_1,,71.53571377141213,1.3177550296316318,4.092316929266152,1.5519765588496848,,
user_1,2025-05-30 06:39:55.749043,72.60970782808448,1.3474534969549505,4.1424154993353275,,17.0,7.554970590634305
user_1,2025-05-29 22:08:35.957487,,2.359732353343427,4.236916460455894,1.2617393005594701,12.0,
user_1,2025-05-29 06:37:40.458239,75.79297789503703,,4.429591686304758,1.30301739325312,17.0,7.484583542343984
user_1,2025-05-28 21:52:26.728426,61.23131917821255,1.533145671112343,3.5920948575172806,1.484579658117179,13.0,
user_1,2025-05-28 06:31:59.824475,68.67671583381022,1.805162587771305,3.717228327070282,1.3988639024755507,12.0,7.659193346849605
user_1,2025-05-27 21:27:40.820538,67.41236207621593,1.7329611644022447,4.357000247046046,1.594647524914709,8.0,
user_1,2025-05-27 06:24:32.725116,67.76742523966489,1.8186010438345919,4.399818995872087,1.47007364704351,22.0,7.947751271636669
user_2,2025-06-09 20:38:43.145007,59.28514851084688,,4.280392263184117,1.7166102486350554,9.0,
user_2,2025-06-09 06:53:35.067491,72.5751763360433,1.958714803195706,4.383401800445327,2.1018833977005276,19.0,9.24775624556137
,2025-06-08 21:05:35.572488,68.256956256529,1.7054192266078965,4.379484610246633,1.3454349570924857,11.0,
user_2,,81.57329283336755,1.5186927073487215,4.516736648321536,1.1841633699735206,4.0,8.412673525405292
user_2,,70.44475298483682,1.8192840057286388,3.461127611035347,1.3569392581480064,11.0,
user_2,2025-06-07 06:46:50.926844,70.22785919951907,1.7541239709680572,3.8899164289004124,1.4203311603798074,15.0,9.400565246749018
user_2,2025-06-06 20:17:07.153677,69.26216667398111,1.56224377847019,3.9426317792665504,1.6009974557960915,9.0,
user_2,2025-06-06 06:50:11.976884,,1.4969108552128187,4.295722627322769,1.6414956268921872,17.0,9.551339779809128
user_2,2025-06-05 21:40:38.250468,70.16232630275573,,,1.7533822298373245,3.0,
user_2,2025-06-05 06:21:52.678252,72.21909714073114,1.4216524155567298,3.5724968692512578,1.7474296942311445,15.0,7.687341050981946
user_2,2025-06-04 20:29:23.746641,58.76108409017575,2.2897233911794905,3.2849293110196838,1.4119911026606031,9.0,
user_2,2025-06-04 06:36:58.161098,75.8158187607748,2.2907466972814494,3.0886275808100936,1.4582014500869303,8.0,9.126226238056304
user_2,2025-06-03 20:39:04.013067,63.073432015691196,1.8340552035753745,4.331065337260523,1.8172033632290705,10.0,
user_2,2025-06-03 06:12:20.120536,69.24107452482208,1.8928869242238322,4.38726371080753,1.7549334112470112,8.0,8.554474297030833
user_2,,69.24801048510513,1.9071046457895142,3.653545202369673,1.67991997508665,8.0,
user_2,,73.7364680256163,1.9681416723328606,3.649364883576843,1.6916527134175283,13.0,9.347592223908986
user_2,2025-06-01 20:53:23.144600,63.98903673783053,1.734695639031834,4.549388425993595,1.665083269797606,10.0,
user_2,2025-06-01 06:49:15.551682,73.40976485647482,1.7036689633724884,4.614221696491283,1.6520689643608375,24.0,8.931224189389068
user_2,2025-05-31 20:12:25.572084,75.4619363784273,1.4981947855500894,3.392905693606134,1.7316221747000136,5.0,
user_2,2025-05-31 06:48:51.956984,70.37902279096863,1.4304786143988784,3.5879296402896843,1.7169164365497998,13.0,9.607329138979512
user_2,2025-05-30 20:49:21.645931,62.18137723598013,,4.121843605745956,1.5489933142217445,12.0,
user_2,2025-05-30 06:25:29.462645,62.75957829251338,1.412587503892415,3.9781547614954684,1.5276485990505597,18.0,8.602171309424747
user_2,2025-05-29 21:02:42.156635,64.20030735018287,1.7942951376291933,3.4987353176810956,1.496297372801522,3.0,
user_2,2025-05-29 06:29:25.209945,71.61359280169044,1.711572043273961,3.60260462052933,1.64957126410178,25.0,8.445292585896846
user_2,2025-05-28 20:57:40.628499,62.99389764057082,1.8672277445431251,,1.5195352197097662,11.0,
user_2,,80.76591228755778,1.7904929882543201,4.180760327735033,1.5378694202836014,6.0,8.3837450581617
user_2,2025-05-27 21:42:40.014593,60.95850857322424,1.5480834473457672,3.700303677277989,1.0752208551380387,11.0,
user_2,2025-05-27 06:25:09.145851,71.70877987888579,,3.890388444915199,1.0175304895717983,17.0,7.7080920160608315
user_3,2025-06-09 20:46:10.408756,62.65412173947647,1.286059641272737,4.676936187082706,1.4770920309494764,9.0,
user_3,2025-06-09 07:47:13.723479,70.02621849859092,1.2907577006492112,4.586923092786858,1.5393770241842262,14.0,10.017587423179213
user_3,2025-06-08 20:14:23.948676,67.57219417029374,2.013484463426667,3.4376789540810653,1.1931771658528756,10.0,
user_3,2025-06-08 07:47:56.772830,75.89648592031914,2.0202363115676776,3.8498285390574627,1.368711250097196,20.0,10.559117820661424
user_3,,71.84315778766174,1.5105229618259688,4.343025729999219,1.7116848973699175,9.0,
user_3,2025-06-07 06:53:17.443217,68.65296582777721,1.582277187405565,4.643497140418425,1.719094375411895,14.0,9.385652769228312
user_3,2025-06-06 19:19:41.328148,64.72226150551691,1.9152196346817922,3.9836526259529537,1.0865115799920246,11.0,
user_3,2025-06-06 07:23:20.632220,71.83299123048424,1.8212316560490567,3.880879242485615,0.9805902278031294,21.0,11.060917797771559
user_3,2025-06-05 19:41:13.109655,67.52023257758923,1.6409227144882679,3.603563583868828,1.4785939280090885,7.0,
user_3,2025-06-05 07:06:18.820154,79.82362566458195,,3.4636184822703107,1.4999919190825106,7.0,10.418252916389779
user_3,2025-06-04 20:29:12.916599,68.78753855023652,1.6408496557168417,3.71209087967766,1.4449896605696713,11.0,
user_3,2025-06-04 06:43:30.807005,78.22483856750642,1.6159460517612039,3.827402272288813,1.476114676024025,15.0,9.23830289050543
user_3,2025-06-03 20:06:57.164874,60.22229779699787,1.3180661039227284,4.1017318179336115,1.3487298509431394,7.0,
user_3,2025-06-03 06:59:20.847856,78.43570817536282,1.4062300796176734,,1.496724264832142,,9.873245272808902
user_3,2025-06-02 20:56:29.039878,67.69455021842329,1.488826153702063,3.9048306609581958,1.3248763493230484,11.0,
user_3,2025-06-02 07:00:03.458153,63.00716213090429,1.5451230773711202,3.7747021471338305,1.2761638109465787,11.0,9.05956063202369
user_3,2025-06-01 20:12:14.755469,60.845249417944814,1.8811370477339517,3.9748809452754315,1.452210390626718,13.0,
user_3,2025-06-01 07:08:36.713108,72.5045859381219,1.7833815232540966,3.9947474063612765,1.527349102963897,,9.939432677362925
user_3,2025-05-31 19:50:54.693773,67.8529933429658,1.571022253037245,3.0975589496677403,1.1744915124233675,8.0,
user_3,2025-05-31 07:25:48.813605,69.66960100676341,1.4499206330609995,2.9671917281073084,1.179231379555009,13.0,10.581699953419157
user_3,2025-05-30 20:40:58.743595,62.115540652384254,2.0507076336195427,3.435146572671191,1.6059608355830566,10.0,
user_3,2025-05-30 07:50:53.775973,72.8853606359027,2.0304030950152434,,1.5455623169114745,23.0,10.165286771537968
user_3,2025-05-29 20:13:23.278156,64.2216138230396,2.150334618497942,4.127210421650607,1.5675205324150405,,
user_3,2025-05-29 07:17:32.054739,71.97226071189148,2.108236170415916,4.185165393029889,1.7750606122795844,13.0,10.069104606374626
user_3,,62.95962313489224,,3.495956844541298,1.1258416157948288,12.0,
user_3,2025-05-28 07:18:37.247300,71.63463686882082,1.1666525865657573,3.6618379607779956,0.9047280848940402,21.0,9.529901583653455
user_3,,70.71877021603464,1.9015489222483244,3.7923560430495993,1.626556373221257,6.0,
user_3,,74.15167908272123,1.8159405396574377,3.8066692904934776,1.5787906285447453,13.0,11.65646357017906
user_4,2025-06-09 21:00:28.978449,66.88650246522425,2.027096584993606,,1.673921184021132,12.0,
user_4,2025-06-09 06:25:02.570283,,1.9026311146624642,3.183173288130331,1.8235256151700505,10.0,8.409331065081755
user_4,2025-06-08 22:27:11.059880,,1.8328184383814679,4.362883311949346,1.5962018463473426,12.0,
user_4,2025-06-08 06:04:40.276142,79.41012248237517,1.9673604429969656,4.681520637277226,1.5450802787042242,22.0,6.624782294877544
user_4,2025-06-07 20:44:07.417640,64.37106539950176,1.8167174736866085,4.547095759235474,1.1615070740570361,3.0,
user_4,2025-06-07 06:28:10.395741,64.93947812369916,1.6512318065000315,4.711729876027857,1.1688388707758766,13.0,8.73416058336969
user_4,2025-06-06 21:03:44.293858,73.34510762644696,1.7221225945909187,3.248428523440947,,10.0,
user_4,,68.84532734895662,1.7917432310722605,3.618219742430016,1.5635078901375867,10.0,7.866568356122979
user_4,2025-06-05 22:31:00.753963,65.29609217007244,1.804178787573884,3.9879374564449983,1.539616952153571,7.0,
user_4,2025-06-05 05:58:02.572151,69.83623364892001,1.7498363104605075,3.8453682999095653,1.5502599749227606,18.0,6.4505050522001035
user_4,2025-06-04 19:54:16.960662,70.45753425961232,2.173825557749289,2.9633048837959253,1.4314624811839303,9.0,
user_4,2025-06-04 05:53:57.325260,64.44712077267086,2.349052602091651,3.1504405624254175,1.5586179906833462,12.0,8.994545721799986
user_4,2025-06-03 20:58:04.569838,67.4468728061396,1.4333616573324164,4.356499215086194,1.451934920368373,14.0,
user_4,2025-06-03 05:53:53.674923,64.59468336200051,1.4949552180268428,4.47511946667987,1.4209802764369739,11.0,7.930306968277222
,2025-06-02 21:23:35.745757,58.74443211807348,2.0772081057620704,3.9075489317785053,1.3954553958961922,7.0,
user_4,,62.21685413238048,2.1378091008966345,3.6514630612792485,1.5709348140946287,16.0,7.932129334032226
user_4,,64.51643444064804,1.6365242739573151,4.199568057176036,1.4924730595150304,9.0,
user_4,2025-06-01 06:20:30.047428,71.5390088444603,1.4655074346916526,3.9299309727548932,1.566799468917302,11.0,
user_4,2025-05-31 21:19:41.227776,60.10813611192484,1.9224758267143416,3.1487081978810796,1.7058311274651288,7.0,
user_4,2025-05-31 06:09:08.886677,71.28014867156938,2.020744925108893,3.4818030867735947,1.8072681339669419,14.0,7.82434969457729
user_4,2025-05-30 20:55:04.032877,65.13045525105417,1.9552977061407368,3.637128093423267,1.5373533528954157,7.0,
user_4,2025-05-30 05:47:02.667829,65.38383376944547,1.8201292455791034,3.4419534428278005,1.6427175325561998,16.0,
user_4,2025-05-29 21:28:36.678539,65.92418061847437,1.542492665945636,4.350154939704495,1.3848724347524453,10.0,
user_4,2025-05-29 06:02:50.251995,,1.4721750234330473,4.343157241605103,1.5619524983159963,17.0,7.570437071355379
user_4,2025-05-28 21:35:02.659801,62.18766612052866,1.9897223217166564,4.486277224813365,1.6243619924434394,9.0,
user_4,2025-05-28 05:32:22.638698,69.62783285449977,2.0517895314717243,4.521817425000015,1.4908275565724292,20.0,6.95554969370734
user_4,2025-05-27 21:30:36.329123,70.4039036277731,2.050176646364671,,1.4859668577082705,16.0,
user_4,2025-05-27 05:30:44.643587,72.14809109566293,2.070945415080982,4.283905807053293,1.3582920001262395,21.0,7.002309573381897
user_5,2025-06-09 20:23:57.253262,68.40750348686312,1.8084955128391385,4.014878069747873,1.6876567611951996,7.0,
user_5,2025-06-09 06:52:18.602914,71.11066885816857,1.7606206506727906,4.266029294862577,,8.0,9.472597125537828
user_5,2025-06-08 21:08:33.012730,65.98277388255788,2.1095533618405904,3.2572198134815142,1.5534100531738517,7.0,
user_5,2025-06-08 07:17:36.732479,70.41141994637712,2.2161013993471257,3.1537621234614397,1.6943447971924097,15.0,9.151033263584878
user_5,2025-06-07 20:11:46.548000,72.2669223855885,2.2738716437192137,3.7385699864233657,1.4159626365808284,8.0,
user_5,2025-06-07 06:56:31.603842,64.97929616623966,2.197091887208801,3.7316330089460092,1.4393841098344806,14.0,9.745848845116946
user_5,2025-06-06 20:54:40.232856,63.93005577887246,1.7851608871042701,4.337409746083302,1.2754555956875402,16.0,
user_5,2025-06-06 07:08:28.933746,71.44584321953909,2.0306909010953595,4.209861749233038,1.2223559001873585,11.0,9.230194691691636
user_5,2025-06-05 20:06:01.155709,70.94508265553776,2.2261512743969565,3.714626853125262,1.3335288853791543,13.0,
user_5,,71.01461510425649,2.074576862897233,4.024127893391274,1.5131166526887063,9.0,10.067751197643894
user_5,2025-06-04 20:06:45.432896,63.06149220032008,1.8857596172174715,4.167228394993512,1.6317088545345662,5.0,
user_5,2025-06-04 07:37:46.952122,63.10340385992736,1.8126666132232796,4.160603000418753,1.8111646408863449,8.0,10.517088673946812
user_5,2025-06-03 20:09:36.752200,66.11893975819449,1.7950731311781745,,2.0053864851747245,13.0,
user_5,2025-06-03 06:52:02.592945,,1.979743863751778,4.710982273789234,1.9694572760960185,19.0,9.707177984716703
user_5,2025-06-02 20:49:45.320465,,2.120002406876746,4.584647795222836,1.7764317982075055,14.0,
user_5,2025-06-02 07:13:16.537899,69.16440959841573,2.134673775520078,4.825949588524508,1.694738231108782,19.0,9.392004842752925
user_5,2025-06-01 20:30:52.430861,65.23218274078074,1.3920431577060244,4.3731267830136105,1.629096836228215,13.0,
user_5,2025-06-01 07:40:32.246321,71.24691841855378,1.5497884856823718,4.35406767653622,1.656998988805249,17.0,10.1610598500564
,2025-05-31 20:57:20.989688,59.867423502944696,1.8398909022440628,3.6499395925304134,1.7390093257849686,12.0,
user_5,2025-05-31 06:34:10.889363,77.8276201461717,1.833315876136764,3.538899687191774,1.9271250327290277,14.0,8.613861020709695
user_5,2025-05-30 20:38:20.478549,,1.493630154860786,4.354178223649677,1.5487601427542397,11.0,
user_5,2025-05-30 06:51:26.726299,73.2510058897933,1.4837125684828476,4.72350562285921,1.4417516661216245,14.0,
user_5,2025-05-29 20:23:46.397709,66.21669724661346,1.7276291826431012,4.1760276982571485,1.2496921151619111,14.0,
user_5,2025-05-29 07:27:35.196992,71.71362673188852,1.7733045045584797,4.2899811543035895,1.2944629711636426,18.0,10.063555356474442
user_5,2025-05-28 20:31:02.190644,68.54501878794257,1.773079291713832,4.720058607724736,1.364721539588146,7.0,
user_5,2025-05-28 07:34:00.946888,70.64052207455394,1.704974125966344,4.888187317522481,1.2994591416579069,13.0,10.049654512097224
user_5,2025-05-27 20:11:34.301164,52.88060336685522,1.324829152954283,4.3802073280721485,1.6571600317301665,13.0,
user_5,2025-05-27 07:09:15.425387,65.16511928435393,1.320058017340085,4.3794868202540345,1.541323562810912,16.0,9.961423395234743
user_6,2025-06-09 21:22:59.874113,54.791325657878545,1.725846785243821,3.659007876001101,1.2996759980210169,11.0,
user_6,2025-06-09 06:25:45.062278,67.14410505108602,1.783105063379437,3.9388789633183015,1.3921393663122936,7.0,8.045885601487367
user_6,2025-06-08 21:37:41.587023,,2.0685579660083198,4.317585900840985,1.709910543063867,10.0,
user_6,2025-06-08 06:21:10.596566,80.37630436312632,1.999639184199363,4.664778661474035,1.7297016214101317,8.0,7.724724873051965
user_6,2025-06-07 20:57:12.232652,62.580570829728394,1.7038958075417039,4.212082973200959,1.6045670976071,11.0,
user_6,2025-06-07 06:20:29.054590,78.63771585050355,1.7475281745091071,4.219683668834598,1.6165702302789262,11.0,8.388006093952578
user_6,2025-06-06 21:09:01.507291,56.65707963061205,1.9197669367815837,4.32359796985137,1.4033627075401252,8.0,
user_6,2025-06-06 06:59:08.556299,71.12225909279987,2.024476767042799,4.660383508142944,1.3574742812532312,15.0,8.835291391025613
user_6,2025-06-05 21:11:34.055918,,1.995696863524026,3.211803921507875,1.795308069945179,12.0,
user_6,2025-06-05 06:55:39.149257,72.4701509314137,2.0217642401064166,3.101742890738791,1.7281457331513739,27.0,8.734748149541575
user_6,2025-06-04 21:15:58.787730,70.86364509629682,1.9630800463783298,3.814692833956947,1.654339742129669,9.0,
user_6,2025-06-04 05:39:32.224564,68.18779529298433,1.8511130569157155,3.5557565388127657,,18.0,7.392621342633632
user_6,,67.3852041361156,1.8230465673180767,3.358503887905715,1.699253363889428,,
user_6,2025-06-03 06:21:55.393484,77.50379895317155,,3.2887734610241433,1.6643275934575852,,8.109740407818126
user_6,2025-06-02 21:28:12.268872,67.15020823595535,2.1090850362095526,4.119394579513257,1.4481915708358595,8.0,
user_6,2025-06-02 06:27:16.592757,,2.1142796247902824,4.265922594956373,1.4401199128250013,13.0,7.984534412485658
user_6,2025-06-01 21:44:14.174873,66.73244237948997,,2.551872310903155,1.9176749409561455,6.0,
user_6,2025-06-01 06:28:17.893796,75.54091408368758,1.9954124402453426,,1.81233338463878,26.0,7.734366367529137
user_6,2025-05-31 20:58:02.000929,74.57015676933393,1.742795279770996,4.108716436589861,1.6740135461377508,10.0,
,2025-05-31 06:39:43.987033,71.00549523357483,1.847860719371757,4.329821623181458,1.7927165766937887,11.0,8.694996140066614
user_6,2025-05-30 22:05:44.961816,59.26827303490656,1.89079063957171,3.622862074990321,1.4871723306814015,11.0,
user_6,2025-05-30 06:36:43.713997,68.77921682354676,1.9871993564005457,3.860756172775249,1.3644115491677022,19.0,7.516320050267424
user_6,2025-05-29 21:12:14.685002,65.6278822673577,,4.007789523790734,1.2807449826209596,9.0,
user_6,2025-05-29 06:04:53.395641,65.04303825271846,1.5327394413544677,3.879997174252834,1.1484360032802097,12.0,7.877419622064906
user_6,2025-05-28 22:06:00.412346,70.04908544671318,1.5935548964466828,5.126217902672154,1.696353097398319,10.0,
user_6,2025-05-28 06:24:57.832700,63.05213766618202,1.4290150217509936,5.330731989074082,1.9403283380322462,16.0,7.315950098206159
user_6,2025-05-27 21:34:35.342873,,2.0276785769360295,4.1405957119846875,1.5208402207903753,8.0,
user_6,2025-05-27 06:29:41.050016,61.535215929023074,2.0178446142565547,3.942877490554504,,19.0,7.918251984124431
user_7,2025-06-09 21:55:24.865220,69.70385593994108,1.5052537819385072,3.887683425001488,1.6100104198049103,7.0,
user_7,2025-06-09 05:25:27.542986,66.99316178024394,1.537231975352761,3.569084678295154,1.6540578936009502,25.0,6.500743824012176
user_7,2025-06-08 22:31:49.241307,,1.8375673507943722,3.7852972294373735,1.5244595006064567,7.0,
user_7,2025-06-08 05:52:40.116869,62.98697364100153,2.012525025113066,3.5365245823591165,1.455168980826866,18.0,6.347465433864681
user_7,2025-06-07 22:16:15.286445,71.23871036336867,1.5979528127268394,4.139497081111901,1.3329305893480485,11.0,
user_7,2025-06-07 06:21:30.116055,73.16888440466049,1.6393327224719894,4.102439549336359,1.3199485193747058,16.0,7.087452669664128
user_7,2025-06-06 22:08:22.710653,58.15098510210461,1.7735153854946235,,1.3392650864060538,9.0,
user_7,2025-06-06 06:12:23.601147,72.84491539592638,1.9363550478074774,5.214029120629662,1.3189070503958176,11.0,7.066914026323232
user_7,2025-06-05 22:05:37.496284,58.880298666188715,1.8102250404777678,3.615013384470679,1.5467571823581496,14.0,
user_7,2025-06-05 05:14:52.987700,60.03132178714272,1.847630697462525,3.8605471829653375,1.425793080489029,16.0,
user_7,2025-06-04 22:03:57.174525,64.72115461171147,1.9674980737565169,4.038002695706206,1.6077511984892738,,
user_7,2025-06-04 05:26:19.027517,69.4438696932565,1.877107309610038,3.8908967071882525,1.7313605160103176,17.0,6.37273694214149
user_7,2025-06-03 21:52:20.032889,63.41795775152599,2.163929309993755,4.070858456819952,1.9638659079963388,,
user_7,2025-06-03 05:49:58.138264,70.66770452391141,2.1486823263557007,4.2124801921576704,2.059536139675797,12.0,6.9605848263407
user_7,2025-06-02 21:30:01.026194,67.53995663456271,1.468990018147838,2.9235547035237586,1.577715720906193,15.0,
user_7,2025-06-02 06:27:45.794476,70.40914679273783,1.4591010528287236,3.1073700001213123,1.5486882664873278,19.0,7.9624356339675835
user_7,2025-06-01 22:19:51.268304,61.221274202535774,1.9609529530711212,3.5507660091044815,1.5056362314738256,11.0,
user_7,2025-06-01 05:42:43.506481,69.87486520627428,2.04272958299115,3.828807518907944,1.5614172621090119,11.0,6.38117727154054
user_7,2025-05-31 21:53:08.991272,63.473876478226664,1.6171463393522152,3.906514348507277,1.5113299849794215,8.0,
user_7,2025-05-31 05:52:25.423172,65.30332303090623,1.6027375837800537,3.6645753999390553,1.571322857979042,16.0,6.987897750030804
user_7,2025-05-30 22:18:41.998698,72.45363068424976,1.8446002371606336,3.8314570144409803,1.377319467291812,12.0,
user_7,2025-05-30 05:37:26.687736,70.80286990524932,1.844904839175975,3.9188446483902504,1.4963840947704463,13.0,6.3124136217047635
user_7,2025-05-29 21:08:29.137823,69.67159955619637,1.3899363904753737,3.8876172990536584,1.265977394788128,13.0,
user_7,2025-05-29 05:10:27.216125,67.11744799636641,1.1308321612608827,3.778368409403162,1.3051577953283828,15.0,7.032799528363071
user_7,2025-05-28 22:24:38.638137,67.89645749800545,1.835874110524246,3.5134655295592223,1.7393143003328984,5.0,
user_7,2025-05-28 05:40:02.143059,67.78358874404245,1.747393839121556,3.478876317574538,1.9104851483471328,,6.256529144864501
user_7,2025-05-27 23:09:14.302455,63.95338161424067,1.5992781784020251,4.519952343698038,,10.0,
user_7,2025-05-27 06:15:45.445488,73.71047686004654,1.6292074364426743,4.780300601577798,,8.0,6.108650842503373
user_8,,65.68267665541369,1.6904035346063675,4.092340152932454,1.2305747420940607,8.0,
user_8,2025-06-09 05:52:11.025257,64.7654450865903,1.7440688098590962,4.329480983865054,1.3024700731605674,12.0,5.902992336868326
user_8,2025-06-08 22:27:29.041633,61.21602455715269,1.373456799977447,4.750666825977744,1.4354640322315728,11.0,
,2025-06-08 06:05:09.468761,72.27943886040804,1.5899570344675553,4.621963179901715,1.5282480450396965,16.0,6.627896424345412
user_8,2025-06-07 22:13:45.088741,70.362536686549,1.6905141811371345,3.5803951663304967,1.2910381611957933,9.0,
user_8,2025-06-07 05:34:16.703302,68.89373188207114,1.6628328511482424,3.641876505892317,1.3726118824497229,,6.3421151558472175
user_8,2025-06-06 21:52:35.336714,66.4128997524415,1.725392662144936,4.8036727880099965,1.5981949903276502,13.0,
user_8,2025-06-06 06:22:54.036427,70.90510779351854,1.5957094673493515,,1.5330593009484672,19.0,7.505194364892986
user_8,2025-06-05 22:34:45.065327,65.1063578836803,1.8926499037796891,4.851107472317619,1.5481506358977137,8.0,
user_8,2025-06-05 06:56:30.186182,73.76670810552267,,5.109058023134168,1.6154687710247095,10.0,7.362533570722132
user_8,2025-06-04 21:51:19.913935,60.7473977289535,1.6258429650585833,4.2942892022103045,1.8339809008702812,11.0,
,2025-06-04 06:16:46.613671,75.98315743322826,1.564864674626645,4.267485768875721,1.835449720343201,18.0,7.42408325977474
user_8,2025-06-03 21:34:03.338835,68.2414021692193,1.7637155554176656,4.2097662219535135,1.32250156443958,8.0,
user_8,2025-06-03 06:01:47.913454,78.63481925616702,1.7237519368562053,4.254703167103891,1.415760647626889,14.0,7.462381838628929
user_8,2025-06-02 21:11:49.974432,71.31292051713591,1.634442556232266,5.279099642834126,1.3871504802685224,11.0,
user_8,2025-06-02 06:12:59.683826,80.30751788318199,1.7552791792915803,5.483912147996419,1.4464031751886406,12.0,8.01936372042899
user_8,2025-06-01 21:33:03.397808,64.98312771294523,1.7489446132425215,3.7733859753363626,1.639277489491343,13.0,
user_8,2025-06-01 06:26:52.098044,64.29155442933248,1.7295786673145497,3.6300215112158014,1.452623827784037,9.0,7.896861176467137
user_8,2025-05-31 22:43:00.365336,68.15405842277389,1.4927439527012385,4.927046283167094,1.7442067391050706,5.0,
user_8,2025-05-31 06:20:09.033938,68.13896611964473,1.601618814671657,5.303963544354016,1.8985310919322895,11.0,6.619074611604351
user_8,2025-05-30 22:01:49.751043,56.157803172185744,1.8969503142554345,3.926198706850666,1.4067926996263516,7.0,
user_8,2025-05-30 05:40:58.089106,64.15041582144856,1.6097240929272696,3.9206957258405386,1.584017859293326,14.0,6.652316128549195
user_8,2025-05-29 21:39:32.174090,67.34387128037511,1.5004843682435127,4.150895949909733,1.6532160556769382,17.0,
user_8,2025-05-29 06:31:45.456300,69.49922961760024,1.480116993225816,3.975299432558421,1.5705280202729521,,7.870356169531014
user_8,2025-05-28 22:25:00.608126,60.984105246598276,2.2478065706878567,3.8644381994787156,1.4957265411303127,15.0,
user_8,2025-05-28 05:56:13.379805,57.87879869863529,2.3362111103239616,4.011806978897202,,,6.5202143553238585
user_8,,62.35473661326853,2.0382794038865484,3.3728552884153755,1.5587115864333259,11.0,
user_8,2025-05-27 05:45:15.260069,66.32704211600975,1.9572541601851103,3.412969127861564,1.6735753213761975,15.0,7.575468559241081
user_9,2025-06-09 22:01:01.590285,63.16486080458339,1.5517229338053842,4.043071941523188,1.2855721976028787,10.0,
user_9,2025-06-09 05:58:12.787655,73.09577130502599,1.757472480776554,4.047230683058269,1.212771903479965,19.0,6.953110380614007
user_9,2025-06-08 21:36:21.259963,61.004039966748735,1.6551769433453902,3.5233356958706437,1.524534063198959,7.0,
,2025-06-08 07:20:02.498912,74.4155488857358,1.64739322364411,3.4872397131525186,1.8438448199834452,9.0,
user_9,2025-06-07 21:42:56.551812,70.74222854598378,1.8339811231613294,3.2808610108413165,1.6838457869150407,11.0,
user_9,2025-06-07 06:38:46.250565,67.76339052170624,1.9620827593348407,3.2944321129467973,1.7691231544272628,10.0,
user_9,2025-06-06 21:36:25.605787,70.1498040879058,1.6995674003680379,3.798175768379002,1.3089754841301293,9.0,
user_9,2025-06-06 06:58:25.333168,70.1210972833638,1.8407894559095808,3.782247490129859,1.3542126637551026,17.0,8.366590939137769
user_9,2025-06-05 21:50:07.135808,69.92864997839932,2.1562158154694253,5.294781821009307,1.6159266346427152,7.0,
,2025-06-05 06:56:39.706199,70.84230488134807,2.2879755690302215,5.093473307953379,,15.0,8.109047330777923
user_9,2025-06-04 20:52:04.656667,61.96089006452784,2.189098363968333,3.988565968850559,1.3001395535410178,5.0,
user_9,2025-06-04 06:41:42.689262,68.0412092547809,2.0968573455184827,4.311641106744447,1.267907506619884,17.0,8.827231276436832
user_9,2025-06-03 22:25:40.955102,62.84189843640976,1.9211190271009828,3.987902196804542,1.3192596278539743,12.0,
user_9,2025-06-03 06:56:38.154201,67.67691351350804,1.9412349926882668,4.044559771113771,1.2933691304835666,12.0,7.5158886387434976
user_9,2025-06-02 22:21:52.330621,58.27010159876626,1.8379138738639236,4.969464499529142,1.299933735078885,13.0,
user_9,2025-06-02 06:38:35.881609,72.04909328464257,1.8137881084020693,,1.4899219285684067,9.0,7.27876416341492
user_9,2025-06-01 22:28:56.740690,64.39809418023201,1.1481991361957893,4.423710838575211,,8.0,
user_9,2025-06-01 06:49:10.070232,72.56552899088041,1.1222444684373976,4.571472934752712,1.4544711112105209,18.0,7.337035983966267
user_9,2025-05-31 21:39:39.261284,69.04028899140573,1.9101861940204021,4.919091838397561,1.4553068035256296,8.0,
user_9,2025-05-31 06:44:30.584037,64.73158790426822,1.8034059018624828,5.109153356792276,1.6263681407838222,21.0,8.080922987022564
user_9,2025-05-30 21:52:35.986892,64.15589138404995,1.8210156489339544,4.580939151304095,1.3145293731618852,14.0,
user_9,2025-05-30 06:55:05.284678,56.48383853500381,1.8888031808870451,4.450124014678611,1.1314660834762396,18.0,8.041471607390172
user_9,2025-05-29 21:51:36.588159,69.76437273601469,2.2836834773965937,4.657457226792023,1.8279929058742785,7.0,
user_9,2025-05-29 07:04:09.343867,,2.1993588178649746,5.091645770291586,,24.0,8.209098807936414
user_9,2025-05-28 21:57:02.479889,73.47525520215376,1.6132051914796643,4.0973037276186215,1.3515058828603903,10.0,
user_9,2025-05-28 06:27:02.221865,67.8534888774137,1.5439630934922788,3.816040234884255,1.3431953255975209,16.0,7.4999283267485595
user_9,2025-05-27 21:58:12.387040,57.712242502675345,1.707237276885041,3.6239217972047086,1.563834902083836,,
user_9,2025-05-27 07:14:55.532659,69.1993360221668,1.7743712845300876,3.6665611228522463,1.488637968909954,9.0,
user_10,,64.6966959309269,1.5874779699268613,3.2431428036935865,1.139372064748811,15.0,
user_10,2025-06-09 06:02:07.750233,62.094046489839336,1.6769818013344728,3.1465305933568986,1.154051365947366,12.0,5.508812559959221
user_10,2025-06-08 23:22:55.878914,69.48419657932766,1.7194408056282504,3.5544038872923562,1.069636919734139,6.0,
user_10,,69.34371516453848,1.7271259939241272,,1.0046366616517932,23.0,5.912792375836936
user_10,2025-06-07 22:01:51.163444,72.05466189873135,1.7704235603147216,4.009424811472424,1.6416428846513114,12.0,
user_10,2025-06-07 06:34:50.490473,64.28136896339669,,4.002778813343531,1.6208311989240574,12.0,7.549813063837846
user_10,2025-06-06 22:18:06.176949,65.46422450570557,1.84795691759922,3.486162429537021,1.75314156817294,11.0,
user_10,2025-06-06 06:15:03.148216,66.76886345078098,2.0254880068601713,3.247435063185725,1.8450569855339403,13.0,6.949158685143502
user_10,2025-06-05 23:16:20.319323,63.74976742700524,1.8866080887839571,,1.4731382517058904,8.0,
user_10,2025-06-05 06:45:14.289987,76.52170121439076,1.7203588899803897,4.3366701602539415,1.5858087653886488,13.0,6.481658517653141
user_10,2025-06-04 22:01:23.613380,63.92539484855632,1.7075897147442776,4.38983026613467,1.7620617492239217,8.0,
user_10,2025-06-04 06:55:45.955567,61.58280903889525,1.6270027080946587,4.582800592754161,1.9236200315787448,13.0,7.906206163217327
user_10,2025-06-03 22:33:46.351420,66.40080579409803,,4.212030522232045,1.4052321305858169,,
user_10,2025-06-03 06:30:23.008599,69.55818520397332,1.5201178410352936,4.160271309698624,1.5650968476362885,,6.943515882953353
user_10,2025-06-02 23:09:45.506131,66.84821096099047,1.7678093567987314,4.223858462905139,1.1858247695863002,10.0,
user_10,2025-06-02 06:10:21.708185,78.66257499742545,1.9909393714179946,4.35146868319329,1.235909217080746,14.0,6.01005612627111
user_10,2025-06-01 22:10:55.871030,61.89576200874442,1.7495568544245632,3.7639547111514364,1.1041400379248425,11.0,
user_10,2025-06-01 06:44:06.360128,80.37041334874986,1.657618395265921,3.2578972066021703,1.0755396157368313,16.0,7.55291363852675
user_10,2025-05-31 21:57:40.692513,67.48349611618261,1.660406862965984,3.947025822847932,2.028868669403407,15.0,
user_10,2025-05-31 06:03:35.409097,,1.6702051783130736,4.008635930748753,1.9897038126612279,10.0,7.098532384445036
user_10,2025-05-30 22:53:12.711185,63.15194831978183,1.913130118170656,3.985368593157511,1.7252100501544336,11.0,
user_10,2025-05-30 06:29:43.111830,65.47133849568691,1.847753484305774,3.8662363343488124,1.8626538594715154,15.0,6.608444623732801
user_10,2025-05-29 23:06:14.784039,66.1161945706458,1.7835317998151141,4.142777037428829,1.6042244856758676,7.0,
user_10,2025-05-29 06:42:15.449884,69.0254585982366,1.8969088095018205,4.261488381885001,1.3101856222094397,17.0,6.6001849569893665
user_10,2025-05-28 22:11:22.701981,67.03526143562267,1.5085029796376141,3.3101909176055346,,8.0,
user_10,2025-05-28 06:46:10.002002,73.62547893423998,1.56012080834911,3.181894598560944,1.417848809549401,18.0,7.5798055613640045
user_10,2025-05-27 23:10:13.925852,68.54151923600531,1.9054344622624748,4.535075119158214,1.494695748150188,4.0,
user_10,2025-05-27 06:14:46.192428,66.62410862512809,1.890982595190923,4.376591134958222,1.4638995951862839,15.0,6.075629604631736
user_11,2025-06-09 21:49:51.237998,69.6878506881328,,3.6186376107168927,1.3461715300425403,9.0,
user_11,2025-06-09 05:48:34.401199,68.67742579344694,1.1173458042486324,3.745721216758738,1.222245690557193,13.0,6.978656444554819
user_11,2025-06-08 19:59:29.473915,65.91924772376848,2.340153354453256,4.619473176469719,1.5419318830549251,7.0,
user_11,2025-06-08 05:56:38.529468,72.38178884678109,2.3907003703699186,4.831515157969495,1.817897886946033,10.0,8.95251543132448
user_11,2025-06-07 21:29:18.562033,56.15462047555441,1.5915860606732826,3.795358780943448,,,
user_11,2025-06-07 06:08:14.039810,70.00103532459099,1.5906560285594211,3.7297798376408644,,19.0,
user_11,2025-06-06 21:54:49.772672,60.664348921445495,1.6025650532774232,3.8481369856116676,1.230825815305357,14.0,
,2025-06-06 05:50:44.698060,71.31280664500963,1.6219240444141776,4.018316578045262,1.2170886364654174,9.0,6.931923718853412
user_11,2025-06-05 20:16:54.724910,64.32860418906849,2.226824440829982,4.463107701120796,1.6930794969182341,17.0,
user_11,2025-06-05 06:27:44.517728,66.91174052282825,2.1952171552272772,4.586261931075025,1.8134679406351157,6.0,9.180498004783761
,2025-06-04 21:30:05.546121,68.00603374464558,1.3668435551599374,2.851909523431381,1.3898926301016834,9.0,
user_11,2025-06-04 05:43:31.127128,67.73375795488494,1.5120903086070119,2.917258476351845,1.4199400660627663,11.0,7.223772501901138
user_11,2025-06-03 22:01:14.997013,64.6211785673227,2.0011441851723637,3.464071383479922,1.189248246796787,6.0,
user_11,2025-06-03 06:20:12.817379,65.65168459362653,2.113687663613841,3.2261890049064568,1.3535155421223835,18.0,7.316061212801056
user_11,2025-06-02 21:20:13.082539,68.01593715541172,1.6367657993657423,3.918603546963853,1.5081838350791443,8.0,
user_11,2025-06-02 05:47:27.134096,68.85700042329991,1.537330861904891,3.406136815204791,1.4890810588191274,,7.45390321024373
user_11,2025-06-01 21:29:29.927112,63.685545853958665,1.806739767843614,4.273559557587605,1.263837436938231,6.0,
user_11,2025-06-01 06:25:32.963978,73.3643061798341,1.8659211812177516,4.2027514153994,1.206477259648541,18.0,7.9341769073715405
,2025-05-31 20:52:54.203059,57.6623736712378,1.849428252370955,4.025443850928009,1.5346683328740816,13.0,
user_11,,,1.7665785498929305,4.0047928988982,1.3703494517586647,18.0,
user_11,,66.15350452859342,1.421950570448226,3.6918192959802614,1.4249607239352127,11.0,
,2025-05-30 05:59:46.364244,64.44271021531483,1.4466010482914264,3.7914636456796185,1.5389756277873392,14.0,7.4844924359288285
user_11,2025-05-29 21:05:45.052275,58.712110705426916,1.7297940422679057,4.233179187223167,1.6974669033178205,12.0,
user_11,,65.82428549184988,1.938747914437383,3.9116469817995556,1.7159409612073928,15.0,7.972893657616094
user_11,2025-05-28 21:24:22.525532,63.212772885947864,1.7458824954712777,4.686424237338265,1.0576276177340986,9.0,
user_11,2025-05-28 06:33:05.604945,67.85377789850669,1.8047378224483497,4.366799366961516,1.103844884342293,14.0,8.145299836993328
user_11,2025-05-27 21:35:46.066897,61.69008911101695,1.9277661618579107,4.009573888707876,1.371702618191138,10.0,
user_11,2025-05-27 06:14:16.398616,73.5987897107409,1.7984388660707944,3.818286613344274,1.4189432459791758,,7.641758810759804
user_12,2025-06-09 20:33:42.513253,68.02257663177683,2.064699918697023,3.77395483358346,1.4059915704480996,9.0,
user_12,2025-06-09 06:34:46.129102,80.49860894583257,2.0399973486224234,3.7022868031792155,1.3412373898845837,14.0,9.017671069115305
user_12,2025-06-08 20:51:44.375705,71.60652016136505,2.225880901354091,3.6997882171306475,1.1266920097278768,13.0,
user_12,,60.14948091144082,2.315140635184022,3.4575538312744913,1.1997684216345292,9.0,8.939644359346623
user_12,2025-06-07 20:59:00.581811,,1.8317683359345702,4.292206490236242,1.895288116903097,10.0,
user_12,2025-06-07 06:01:49.599673,65.50607975838436,1.6987369733606712,4.254382412080835,1.987453128095543,18.0,8.046949406184906
,,64.93955526076972,1.4242819666760642,4.181815941312484,1.6773774780194601,,
user_12,2025-06-06 06:22:24.557877,56.978930716864326,1.4441767813557136,4.269163651659186,1.71780695351563,13.0,8.912063040156294
user_12,2025-06-05 21:31:37.636164,70.96253756238987,1.266423724798045,4.159825912959489,1.3991640337984657,6.0,
user_12,2025-06-05 06:28:30.936127,66.62145960419194,1.2698389665468475,3.9423767251869286,1.2905815209099472,12.0,7.948138878579115
user_12,2025-06-04 21:31:36.119083,59.25602982420672,1.9998937502727636,4.231295646426975,1.1548386542418807,8.0,
user_12,2025-06-04 06:17:47.210789,67.67797868845307,2.0460998395979533,4.387973748283494,1.1296847656374311,18.0,7.769747696055884
user_12,2025-06-03 22:03:23.266569,69.89429025390898,1.8255954427695074,3.595867139179537,1.333911118688687,13.0,
user_12,2025-06-03 06:39:23.295847,,1.6752874125935255,3.8062566627241208,1.2341050559572457,18.0,7.600008132915768
user_12,2025-06-02 22:11:05.448656,80.5495927800268,1.9820169177408549,3.9084016906398062,1.60690112969611,12.0,
user_12,2025-06-02 06:45:57.648474,,2.0317912266499945,4.041586541050698,1.6490597907575555,12.0,7.581166616105001
user_12,2025-06-01 20:54:28.304017,59.49922883514152,1.931850369186068,4.389468251756057,1.591554573230377,17.0,
user_12,2025-06-01 07:00:07.432442,,1.893140398938628,4.528575803269212,1.6764647843046916,14.0,9.09420234021211
user_12,2025-05-31 20:25:41.074430,63.214853995966955,2.0671149490559357,4.287602508053283,1.6001331442762419,10.0,
user_12,2025-05-31 06:30:52.736196,67.60581271995798,1.9808373726516237,4.4262982904360815,1.5609318802843288,17.0,9.086572712729527
user_12,2025-05-30 21:31:43.671956,58.17022144399733,,4.130625265616928,1.4261445721507593,,
user_12,,64.85314245908964,2.0283161670315666,3.8261534283733494,1.5374134096497518,18.0,8.013935611837269
user_12,2025-05-29 20:55:08.804541,56.463210212035264,,4.617905810003469,1.4688203644126665,12.0,
user_12,2025-05-29 06:20:06.830334,68.20115677105457,1.3324378994071984,4.535212777778814,1.4948484150709551,12.0,8.4161182758138
user_12,2025-05-28 21:21:32.065361,64.75673824214775,1.809839098623476,3.6207523326499653,1.4539198571588465,12.0,
user_12,2025-05-28 06:13:20.808818,60.76906068880953,1.716888012604235,3.3214464816319493,,11.0,7.863539849179396
user_12,2025-05-27 20:43:33.899510,59.98021313959251,1.8621801988196833,,1.3556524893325492,8.0,
user_12,2025-05-27 06:33:09.947156,78.36726045149268,1.996226303998718,3.7747559211326056,1.4386257311204667,12.0,8.82667990143931
user_13,2025-06-09 21:45:27.274950,60.41248589492868,2.105298440053051,4.135747655412824,1.6102952550479046,7.0,
user_13,2025-06-09 07:22:16.369891,75.23658853310724,2.222257439295828,4.089869506599218,,16.0,8.613637483493772
user_13,2025-06-08 22:36:17.558997,64.68904491500345,2.137306007961151,3.8329613845100297,1.61292118517872,21.0,
user_13,2025-06-08 06:57:47.296051,69.88223924562881,2.119870582170867,3.878022968918218,1.575968492295384,21.0,7.35826029298671
user_13,2025-06-07 22:06:01.679974,56.96711449630661,2.3248751712616262,4.690727039345243,1.2415474609788761,12.0,
user_13,2025-06-07 07:28:33.417967,71.47112064506747,2.301434391229994,4.533973906227964,1.17249335574725,12.0,8.375482775644082
user_13,2025-06-06 22:17:06.934679,61.42120005444624,2.004615619713786,4.743623077667964,1.3839893517259914,,
user_13,2025-06-06 07:20:27.090398,72.41124476340329,1.8808493774810562,4.917454290545819,1.4727184354526655,15.0,8.055598810636708
user_13,2025-06-05 22:39:37.847789,63.95343090210319,2.1218934143298034,5.181936247309681,1.3428027934730036,13.0,
user_13,2025-06-05 06:51:17.005366,63.30697100138376,2.1911852766329645,5.060764083157902,1.5147405840937331,14.0,7.1942104380997485
user_13,2025-06-04 22:02:38.652757,69.297939434899,1.6838608050631456,3.977294391033881,1.505077684108482,16.0,
user_13,2025-06-04 06:41:35.286528,67.53438588800114,1.828224005410027,3.7259930121780296,1.58639820278328,10.0,7.649064936546409
user_13,2025-06-03 22:42:50.525014,66.70025647284446,1.9711838991658592,4.484092330266431,1.4337383233633354,8.0,
user_13,2025-06-03 07:05:07.317864,84.74547212654363,2.0956518572395377,4.213877457024826,1.3014925276889784,13.0,7.371331347073237
user_13,2025-06-02 22:15:22.037934,66.63939762079679,1.825767901887999,2.8903498136262327,1.4540400738849613,10.0,
user_13,2025-06-02 07:00:49.014588,71.83740832737152,1.7944149332707593,3.0747101140216833,1.5023088626058825,14.0,7.757493515174772
user_13,2025-06-01 22:33:20.393340,60.368094350092306,1.9666537939026745,3.5406567442569528,1.416526637278983,6.0,
user_13,2025-06-01 07:10:49.836430,74.87908359672355,2.058499238296916,3.291513268967676,1.422020048378968,8.0,7.624845302774318
user_13,2025-05-31 21:57:50.611863,58.70747544662333,1.7348948848726888,,1.9853432972691045,7.0,
user_13,2025-05-31 07:23:56.130149,63.11191249622881,1.6784174844555946,4.05003526485797,2.1941875745560973,14.0,8.434866190434212
user_13,2025-05-30 23:15:15.592917,66.94807088685452,1.5395121804370901,4.267314543061218,0.9728504521966245,14.0,
user_13,2025-05-30 07:16:12.179084,64.93052023853731,1.548080896577426,4.0822296178493005,0.9983888277640561,,7.015718379744676
,2025-05-29 21:49:15.387891,68.25568120911828,2.0575353349969996,3.882689715021293,,9.0,
user_13,2025-05-29 06:50:04.054809,83.10396545514988,1.9463386324195833,4.17552516277178,,,
user_13,2025-05-28 22:27:33.001130,73.79310242097567,1.911631641782059,4.194579597833965,1.489375869396491,8.0,
user_13,2025-05-28 07:38:09.987930,63.40376402700616,1.8913335780424931,4.034571884954436,1.4830234119349555,14.0,8.176940777931936
user_13,2025-05-27 22:17:50.773515,65.29011367404198,2.0545292646615856,2.8765553330076976,1.3786599410469407,9.0,
user_13,2025-05-27 07:19:56.719925,60.617236469790626,,2.749482855242572,1.2596932751379046,13.0,8.034985113791048
user_14,2025-06-09 21:20:37.894446,71.37437520639361,1.9954565974018517,3.431157164787592,1.4597016932104965,10.0,
user_14,2025-06-09 05:23:43.194161,72.2864020230762,2.1410388296165284,3.5720584727525364,1.5386073619480483,19.0,7.051472142976277
user_14,2025-06-08 21:06:00.748324,60.69456044913215,2.221010991037557,4.348951636269514,1.4113911957743035,11.0,
user_14,2025-06-08 05:15:12.384776,70.95317795632512,2.3151420491143053,4.142446855564006,1.4511839007689844,,7.153232347789157
user_14,2025-06-07 20:28:17.434220,61.7395555570347,1.4731100887972834,3.6076190459361483,1.4258983802819942,15.0,
user_14,2025-06-07 04:58:32.224801,65.46121909926539,1.6250384811614604,3.709777463641667,1.5289564388444,19.0,7.504108494544628
user_14,2025-06-06 20:20:57.694271,69.45123750418254,1.8515518019380595,4.276625609992392,1.2648810788750295,7.0,
user_14,2025-06-06 05:07:43.561752,72.31603146049561,1.7148380212920349,4.446260452525726,1.1416287473981785,18.0,7.779407633503354
user_14,2025-06-05 21:01:31.971366,62.30579071903631,1.4974335947771376,3.0186871541637106,1.5699300094599387,15.0,
user_14,2025-06-05 04:55:40.250188,71.67529014542059,1.5290491904954153,3.112540672125416,1.4163727971392281,8.0,6.9022996729132835
user_14,2025-06-04 21:16:25.394916,68.06234397006801,1.4949950614270509,3.8779597631628993,1.4921385424744738,13.0,
user_14,2025-06-04 05:21:24.980654,75.40883363836414,1.3637731420839103,4.002373761224109,1.6250318744280148,18.0,7.083218260674666
user_14,2025-06-03 21:05:19.430629,70.45490212592983,2.4036811337102297,4.511854773053491,1.5498617191283457,13.0,
user_14,2025-06-03 05:42:38.932733,65.90785667028999,2.5569179061780414,4.6118275978015655,1.4099311016481515,13.0,7.622083917869503
user_14,2025-06-02 21:12:29.089722,69.42615741494495,1.622293213304384,4.061773847977791,1.8908314867500573,12.0,
user_14,2025-06-02 05:14:44.030741,79.81293595265397,1.6226627804891687,4.264066455059462,2.0249790783031454,12.0,
user_14,2025-06-01 21:30:38.749415,73.42507139354255,1.9688642580523066,,1.8974122223398884,14.0,
user_14,2025-06-01 05:14:16.788612,77.77080210357387,2.054261855707529,,1.943741075351699,25.0,6.7272331100677185
user_14,2025-05-31 19:37:49.967152,63.51696270465101,1.8723965804750344,3.4244929581902466,1.577264663562312,11.0,
user_14,2025-05-31 05:20:09.408263,67.67097215440918,1.8573128093183648,3.409703445068568,1.5320987159463497,17.0,8.705400308539994
user_14,2025-05-30 21:12:36.328543,60.97842120170004,2.06860662922878,3.684211135417334,1.5506330476075962,14.0,
user_14,2025-05-30 05:38:36.208715,67.41785178056215,2.0489599708859703,3.643039249241266,1.4759752129535724,8.0,7.433300047661508
user_14,2025-05-29 20:48:24.981798,57.25690850568127,1.6526538758573686,3.8575622533151646,,19.0,
,2025-05-29 05:19:29.419940,74.37258537066262,1.5876773531725419,3.616922082237336,1.3445596082766136,12.0,7.517899483785335
user_14,2025-05-28 20:30:37.182373,58.51941667875053,1.6631637517577436,4.0907133100569855,1.619005893167113,6.0,
user_14,2025-05-28 05:13:48.220284,69.84280414812612,1.5783208883386621,4.205338872705226,1.4404192439737018,19.0,7.719732753154911
user_14,2025-05-27 20:59:14.077421,78.46516831990249,1.9049400073703724,3.4979727015789948,1.4809071505821854,5.0,
user_14,2025-05-27 04:51:51.891141,74.57695137780081,1.849985979910819,3.4746195184199453,1.417351366441745,14.0,6.877170477787491
user_15,2025-06-09 23:34:25.181550,,1.9181391894648754,3.036163710327195,1.4442233211698488,7.0,
user_15,2025-06-09 07:09:38.499865,69.73797774711265,2.0885497410904246,3.285542053434139,1.4380229202332455,13.0,6.587032865267535
user_15,,60.377670059352226,2.268866630552459,3.863003459085348,1.4513232041249964,17.0,
user_15,2025-06-08 06:49:01.904004,79.52068294786504,2.4314625220886654,4.306759505774974,,12.0,7.336503172110827
user_15,2025-06-08 00:04:15.943408,59.16110224366032,1.8650326691287888,3.451348736183578,1.3822266346522607,7.0,
user_15,2025-06-07 06:39:21.485830,67.25865602537462,1.9483660603068196,3.230376177571074,1.4042807773536474,13.0,5.5848728952058835
user_15,2025-06-06 22:58:25.207437,63.84737687409874,2.153917562508213,4.097053815476679,1.3937571410784804,12.0,
user_15,2025-06-06 07:03:08.316039,72.04303653850884,2.123136715394325,3.9293366557872327,1.3050890488501345,19.0,7.078641278310144
user_15,2025-06-05 23:00:50.307496,67.29193351775743,1.1738918944193795,,1.4937882134258196,15.0,
user_15,2025-06-05 06:38:03.271165,65.31746812605202,1.1071139387724909,3.766129680336675,1.475055311585182,15.0,6.620267685999778
user_15,2025-06-04 23:01:45.104120,67.28843293026776,0.9757485471824296,3.7501349119241847,1.3947504286965158,13.0,
user_15,2025-06-04 07:19:25.134056,70.70628570043732,0.7626918992017095,3.9037763552505322,1.4162900792421447,15.0,7.294452759971051
user_15,2025-06-03 22:17:26.058149,73.62348324880554,1.7137657441798935,4.143664452201505,1.4908975509397515,7.0,
user_15,2025-06-03 06:46:47.554016,67.1508353588062,1.7467166177371944,,1.565955467691928,11.0,7.489304407309813
user_15,2025-06-02 23:06:27.438296,71.28574608431286,1.6393994738951332,4.17922680910481,1.3538087448569054,12.0,
user_15,2025-06-02 07:08:04.284854,69.12218027250393,1.7062649543709238,4.198840317012599,1.4833959230432068,18.0,7.026901821554926
user_15,2025-06-01 23:14:07.006308,64.67905911445752,1.827525745334512,4.126120198213338,1.4767541913756084,11.0,
user_15,2025-06-01 06:58:17.619494,74.34577296248449,1.7819717927321248,3.9482720325676737,1.5722842471993836,17.0,6.73628144058943
user_15,2025-05-31 23:01:50.296314,63.852256723198266,1.3081547512423697,3.8037644469695637,1.6993141021158895,16.0,
,2025-05-31 06:46:01.914246,73.20239897600412,1.2891044406425884,3.868575852613876,1.5845449631343227,14.0,6.736560536796084
user_15,2025-05-30 23:14:21.048356,56.8476337814243,2.161798354964045,4.388703676382256,,13.0,
user_15,2025-05-30 07:21:48.415981,65.25541739587581,2.3365346747556006,4.575141989234332,1.5696786676713215,13.0,7.124268784808738
user_15,2025-05-29 22:55:13.335950,61.9570513838015,1.6413066875807956,,,6.0,
user_15,2025-05-29 06:49:46.166503,60.896983497257416,1.6683124234199378,3.089270183535918,1.737753208810518,16.0,6.90911959823282
user_15,2025-05-28 23:47:17.914340,65.5287689563574,2.1791120032964004,3.576842011267132,1.6086958757340186,13.0,
user_15,2025-05-28 06:58:01.524524,73.662460513899,2.2079843695789028,3.245864524021473,1.5126912462060722,19.0,6.178780606608186
user_15,2025-05-27 22:46:03.094736,77.05838337789211,2.2549182165760717,4.301059160196242,1.514407372256749,10.0,
user_15,2025-05-27 06:50:36.543568,71.28876270071375,2.130742159027909,4.367894443645221,1.498881467374274,14.0,7.07595800894655
user_16,2025-06-09 21:21:53.071788,58.32259215450054,1.9458108868252912,,,13.0,
user_16,2025-06-09 07:18:09.279243,63.56418215707875,1.8060990683139921,3.1096281402616164,1.8203760958793465,11.0,8.937835404279499
user_16,2025-06-08 20:19:36.453228,50.839222009447155,1.6646523424773005,4.27587039995546,1.7400523499477658,13.0,
user_16,2025-06-08 07:18:17.879596,60.6512915015229,1.6258002649589995,4.313955177940472,1.7849742220762692,15.0,9.97817399120454
user_16,2025-06-07 19:50:32.286928,61.708757938330756,1.9360526137663403,3.5088529828726602,1.5117968443179195,12.0,
user_16,2025-06-07 07:34:40.716168,65.18633717357694,1.9153914857967356,3.6308962167905046,1.5274941404147628,17.0,
user_16,,54.75029360711261,2.147722219486769,3.831872630659464,1.5850979866480461,9.0,
user_16,2025-06-06 07:48:11.120545,68.55725652062148,2.0693468673743265,4.178859945826826,1.499420777265367,17.0,9.359318543867001
,2025-06-05 20:29:07.407017,63.02159644121868,1.8952359783750525,,1.4813226282200103,10.0,
user_16,2025-06-05 07:17:06.415186,78.7746653582362,1.8970761414533963,3.878622621258254,1.5505949037316962,16.0,9.799724491395274
user_16,2025-06-04 21:11:15.467997,,1.5800901013428033,,1.6550310988069565,10.0,
user_16,2025-06-04 07:36:35.377160,60.16465148206424,,4.871861810840363,1.6860309971235121,20.0,9.422196989636046
user_16,2025-06-03 20:06:39.292808,65.7179396825258,1.2546062323838536,4.3798561477420845,1.4811082571115994,12.0,
user_16,2025-06-03 07:34:11.272637,75.20862332029425,1.3129606626850423,4.353952698369397,1.5390939856411125,,10.45888328571829
user_16,2025-06-02 21:54:40.341773,70.35305279989593,1.5811192590577772,4.180708658636552,1.2413716912482704,8.0,
user_16,2025-06-02 07:36:56.275403,64.19108078043818,1.5528053693834005,4.120536709208387,1.12042399770639,8.0,8.704426008282482
user_16,2025-06-01 21:36:38.948991,,1.6549315548460388,3.6939165414225896,1.5982415330823994,16.0,
user_16,2025-06-01 07:20:11.422137,60.45321956246354,1.7867617873313058,3.7084526462884577,1.5570922186261813,,8.725686984959362
user_16,2025-05-31 20:13:15.113817,72.47469113726618,1.8123976896811855,4.221501065223688,1.6903099541148086,8.0,
user_16,2025-05-31 07:08:15.238413,74.23385387608246,1.599674947646036,4.201682205175434,1.6300278885364123,11.0,9.916701276546114
user_16,2025-05-30 21:01:52.078500,,2.052595108635638,3.8153963997762768,0.9186023561356716,8.0,
,2025-05-30 07:19:53.286046,63.81286680888714,2.063535955818935,4.081124565425923,0.9499208035221697,18.0,9.300335429383862
user_16,2025-05-29 20:51:24.913605,61.52699815418428,1.4536911995301047,3.1240855966241403,1.422015258688111,12.0,
user_16,2025-05-29 07:29:28.791636,63.41434040026708,1.5312939909144523,2.9236421928387952,1.3467717349528074,14.0,9.634410564177275
user_16,2025-05-28 21:34:26.838589,67.57814044221978,2.0935266336084104,4.2610712729669675,,12.0,
user_16,2025-05-28 07:20:40.841505,64.01605676786845,2.1828964025473216,4.439662046988722,1.4622280544655348,20.0,8.770556365554484
user_16,2025-05-27 22:13:38.249469,61.911791615331516,1.339487925740292,3.059994983046118,1.6425424057722662,14.0,
user_16,2025-05-27 06:52:44.291643,70.92587768414957,1.3820324121587093,3.104452954206289,1.7704289871036054,18.0,7.651678381404743
user_17,2025-06-09 20:09:41.130112,,2.070119576518519,4.225612659659254,1.7366987333779855,11.0,
user_17,2025-06-09 05:48:29.380698,73.67810998622873,2.248299467395625,3.8942880181236994,1.6842539197517203,18.0,8.64673627393203
user_17,2025-06-08 20:01:21.663782,68.78747574668743,2.211160843199014,4.347601450041999,1.5567502047323003,14.0,
user_17,2025-06-08 05:51:54.761627,65.76574516937318,2.336122733728681,4.503471250823066,1.552848252794546,13.0,8.842527179040381
user_17,2025-06-07 20:00:44.382760,74.55709543569861,1.4158633286992601,4.09473991061054,1.7014887946390398,18.0,
user_17,2025-06-07 05:47:06.348353,70.92355237390542,1.5096548824503255,4.097239774991991,1.9883291002057166,8.0,8.772768220451063
user_17,2025-06-06 19:42:48.438447,,1.7481594787810608,4.385960077418337,1.5882614303398492,8.0,
user_17,2025-06-06 05:56:29.856142,73.01623750285697,1.7779753253801134,4.513692111146958,1.6940732628485642,12.0,9.22817158181563
user_17,2025-06-05 20:06:25.994107,61.43889618175474,2.1560203860531995,4.718167702852989,1.452377912737589,12.0,
user_17,2025-06-05 06:10:31.347802,73.3270841184589,2.3501421296995746,4.542503087417042,,9.0,9.06815380401616
user_17,2025-06-04 20:39:48.519774,68.23244768862885,1.7352997087357103,3.5635194547731497,1.6762815057847142,5.0,
,,65.41862949718137,1.8708439888462598,3.7975591966124704,1.6897111555094935,24.0,8.714436459010418
user_17,2025-06-03 20:07:00.851587,,1.154284936617246,4.438227822751468,1.187701355511628,7.0,
user_17,2025-06-03 06:36:45.358249,66.86133046957747,1.1254810492250384,4.721934091781075,0.93892048985812,16.0,9.495696295166361
user_17,2025-06-02 19:56:39.278147,59.62343803475381,2.3029179081624607,3.5272465600286345,,6.0,
user_17,2025-06-02 06:30:09.964541,71.0831248770231,,3.7474108397131554,1.3754669943681215,15.0,9.558523998147558
user_17,2025-06-01 19:57:24.543688,67.24736956416153,2.4258141148611343,3.492620253407074,1.4277074466612028,5.0,
user_17,2025-06-01 06:17:11.426556,75.60928928115236,2.65781818706286,3.5318465452118555,1.3373006176876028,15.0,9.329689685650365
user_17,,67.37583873247691,1.799278847724344,3.705364174105347,1.281567273456382,8.0,
user_17,2025-05-31 06:24:43.196267,77.94919489090341,1.8566859698137441,3.9852831031345057,1.1473544986078705,15.0,8.312305537748868
user_17,2025-05-30 20:47:56.929082,73.98180411463481,2.0118236741445394,3.8786593615939835,1.2947261584668215,12.0,
user_17,2025-05-30 06:31:50.065453,68.57807675196746,2.1708818814063244,4.014445619605839,1.2810266095225757,12.0,8.731426769877679
user_17,2025-05-29 20:45:42.887160,65.38578248108858,1.6218565775793885,,1.51571540594383,6.0,
,2025-05-29 05:31:22.632013,64.23333798397127,1.4531221428683174,3.5584057952676056,1.3801706556326012,17.0,7.7610402369974665
user_17,2025-05-28 20:17:05.333697,65.88875053134015,1.9201444159518986,4.065532593107925,1.4845113078548013,11.0,
user_17,2025-05-28 05:48:10.747570,61.586706529386575,1.8177415568632607,4.009570524632523,1.3880575283637822,11.0,8.51817052037736
user_17,2025-05-27 21:37:49.018035,70.95274297171798,1.8637722091896645,4.513493131659866,1.7211800848714618,10.0,
user_17,2025-05-27 05:59:32.601548,74.30818062248972,1.8776782490550061,4.198093835221666,1.6408976404763775,,7.362106531188758
user_18,2025-06-09 23:43:31.468556,72.44556554164144,2.4814349236268387,3.7978012884080194,1.59828589054404,6.0,
user_18,2025-06-09 05:58:40.818973,72.17987694750023,2.22821031510487,3.9342151864205457,1.6109036809102368,17.0,5.252597338252347
user_18,2025-06-08 23:08:06.526687,,2.39746599066142,3.5839693475750716,1.3899769434126923,,
user_18,2025-06-08 05:45:46.690330,66.96322783393894,2.3897438861391156,3.6691380793010375,1.4317975190014895,16.0,5.627823234376713
user_18,2025-06-07 23:35:56.031843,71.92266023796952,,4.550661478867881,1.5933090622900254,10.0,
user_18,2025-06-07 06:12:39.401604,72.86872210502207,1.805629056533368,4.292999955375174,1.6225806105042109,18.0,5.612047155873206
user_18,2025-06-06 23:49:13.132375,59.29495745123631,1.7665473518571169,3.5975167595737196,1.4224600167182877,7.0,
user_18,2025-06-06 05:40:58.772869,69.36172659240906,1.7104865881723859,3.011627021573266,1.627757219168454,14.0,4.86267791504665
user_18,2025-06-05 23:28:55.282210,59.14172826341219,2.3087168633432595,4.948644347386556,1.5313387456493048,18.0,
user_18,2025-06-05 06:06:50.890883,70.87643389466962,2.1750443194556666,4.866279673593825,1.5445315423265005,23.0,5.632113520395997
,2025-06-04 23:14:43.222027,63.90673361282482,1.7725801327472657,3.9595607510672695,1.5104516980994966,7.0,
user_18,2025-06-04 05:29:20.024316,74.889077748431,,4.190278819730654,1.649086637825781,14.0,5.243556191463433
user_18,2025-06-03 23:17:31.048909,64.6790791935559,1.496820534021326,3.7423908030958786,1.8060390397726702,8.0,
user_18,2025-06-03 06:00:23.599123,68.36491341195115,1.4754748560862823,3.8416306405685416,1.7525073685159043,17.0,5.71459728168486
user_18,2025-06-02 23:52:49.309761,64.75955746334614,1.7450548586840116,3.8216634329100643,1.7361281824904289,7.0,
user_18,2025-06-02 05:37:07.979266,71.61487251808835,1.738954461498473,3.9217115267973783,1.6827681518465123,13.0,4.738519307003173
user_18,2025-06-02 00:19:43.080432,56.26181745085869,1.9304310193670673,4.2377153412633115,1.3408885864118236,9.0,
,2025-06-01 05:56:03.823241,72.51372403745407,1.6811039373340595,4.04458238055867,1.503805222901918,10.0,4.60576189136005
user_18,2025-05-31 23:10:54.200260,59.13060017795514,1.7406186813045954,5.0339531690817765,1.1336635505587949,11.0,
user_18,2025-05-31 05:29:30.063083,69.48284387854858,1.6167134110519312,5.453121869443608,,11.0,5.309961895214915
user_18,2025-05-30 23:26:53.155107,64.19819959477584,1.8992553913846735,4.725500719065668,1.6758834082274807,11.0,
user_18,2025-05-30 05:29:01.911625,73.43532897929458,2.045909477312534,4.503184669162957,1.6723008503568344,12.0,5.035765699334284
user_18,2025-05-29 23:38:45.485880,,1.2479766766482743,3.9838596944752647,1.6281085870149548,6.0,
,2025-05-29 05:50:38.402245,71.16393371470082,,3.5458753534795537,1.7475678090663278,15.0,5.198032323705089
user_18,,70.37159006357781,1.8673018970334248,4.452008777380657,1.44050355982523,11.0,
user_18,2025-05-28 06:12:02.420225,65.84022541252774,1.8034736243805753,4.288933651717433,1.3338800666353074,16.0,5.613521629480026
user_18,2025-05-28 00:25:58.069424,58.88552490222218,1.8213761249732678,3.353246187397952,1.3608610245605872,9.0,
user_18,2025-05-27 05:31:53.900646,,1.8817882139321196,3.81397393781891,1.212916602246615,17.0,4.098842005913589
user_19,2025-06-09 20:41:41.153201,63.862618700232964,1.5528193539084,3.640445274275407,1.9099624191571851,7.0,
user_19,2025-06-09 07:00:13.833534,66.10073526889181,1.6610178348333944,3.3705300319651004,1.868441042366658,22.0,
user_19,2025-06-08 20:52:23.232628,68.67318772729665,1.504258857399652,,1.7389525723753876,11.0,
user_19,2025-06-08 07:16:19.315052,60.10887375312595,1.508952347605689,4.2374758543847975,1.644163300648489,18.0,9.398911784626872
user_19,2025-06-07 19:45:19.049540,61.83622485057481,1.9789323412745259,3.6828570761552983,1.4528060025578058,14.0,
user_19,2025-06-07 07:13:36.816657,69.38133659950121,2.024712902267104,3.583470671131703,1.4345491051198516,15.0,10.471601976962948
user_19,2025-06-06 20:07:16.290713,59.429767749190034,1.8775983443566164,4.10636988792883,1.6565747469897145,6.0,
user_19,2025-06-06 06:52:27.480475,70.74681741135595,1.9140123739620827,4.107805581310418,1.447926981152606,17.0,9.753108267205505
user_19,2025-06-05 20:20:48.021583,61.3596145107234,1.9120045679134194,4.1561891052332856,1.7385470330832828,17.0,
user_19,2025-06-05 06:37:34.598481,75.14728740799178,1.9992361059162644,3.92758524281854,1.8205628517588313,20.0,9.279604693869441
user_19,2025-06-04 20:33:47.846851,64.2487850560087,2.1575122491321195,3.958141020075394,1.2760907743233663,14.0,
user_19,2025-06-04 06:53:08.083845,73.01547342474417,2.0724587212574153,,,14.0,9.32228805397185
user_19,2025-06-03 20:47:36.138908,69.19734252259202,2.165458413526277,4.528684152689112,1.6744394000145957,12.0,
user_19,2025-06-03 06:54:32.802420,74.66564036170534,2.1431863434486162,4.74171854583199,1.8197010745632136,12.0,9.115739864552657
user_19,2025-06-02 20:27:23.417161,,,,1.5848133723036901,9.0,
user_19,2025-06-02 07:00:55.698902,71.40504625140903,1.4293703332544012,4.878628821362386,1.5689979878664582,15.0,9.558967150188504
user_19,2025-06-01 20:26:09.483942,64.46831498734342,2.098674454200609,4.851586304959019,1.1723941885127966,13.0,
user_19,,72.48436795253798,2.205651599698994,4.611646799285958,0.940779802215909,12.0,9.031757401280966
user_19,2025-05-31 19:31:02.814111,65.72531872979691,2.037952706465603,3.9389714339393613,1.4084303227635022,7.0,
user_19,2025-05-31 06:57:20.984879,,2.0900806969669845,4.003307142214662,1.4252363033601843,14.0,10.438380768814163
user_19,2025-05-30 19:26:17.375184,65.89238331942695,2.2286573123440703,3.262933933978947,1.382814465336449,7.0,
user_19,2025-05-30 07:06:08.531411,76.26421317213742,2.1838348507140553,3.124483868125768,1.1859221510948406,17.0,
user_19,2025-05-29 20:39:55.337499,64.88860510408144,1.8966246932300956,3.994453998025699,1.337397125547974,14.0,
user_19,2025-05-29 07:15:02.238399,,2.0269754864235714,4.127394547092321,1.2821050418112439,13.0,9.58525024998459
user_19,2025-05-28 20:08:08.485981,61.20148441259857,1.2686794340735728,4.235771190209103,1.13377102433233,10.0,
user_19,2025-05-28 06:38:06.376752,69.24839769864064,1.2360098127549364,4.027255651274988,1.016547648988666,10.0,
user_19,2025-05-27 20:37:02.005204,71.51639018658032,1.975849740117835,3.79379309089176,,15.0,
user_19,2025-05-27 06:55:53.177701,65.03320650209025,1.8742618574188372,3.5160845801255176,1.3914126836208145,15.0,9.31421458251901
user_20,2025-06-09 20:37:28.705776,55.15747893280973,1.996492675266507,4.405399322795855,,10.0,
user_20,2025-06-09 06:52:58.568986,63.677507965225175,1.8171820300130495,4.3288358848732615,1.2888545704055456,11.0,9.25829533609965
user_20,2025-06-08 20:24:26.402716,66.34647376290367,1.786532090963239,4.091250515299607,1.3659769599091534,11.0,
user_20,2025-06-08 07:06:30.217468,75.9094554647998,1.8346229002381285,4.050745669886641,1.3131472552428554,13.0,
user_20,2025-06-07 20:07:19.997360,63.01221117254139,2.1712961272535996,4.189883818020448,1.306390848297951,7.0,
user_20,2025-06-07 06:39:49.629798,74.8944477927839,2.034121814327249,4.511639989167323,1.3892138173164132,13.0,9.54156456618178
,,57.83424092737644,1.6426012778799592,4.246827423821576,1.7592126123562792,8.0,
user_20,2025-06-06 06:25:29.032757,63.021053989037576,1.7017362020557993,4.102029357473054,1.7396735772385767,10.0,8.892418062106252
user_20,2025-06-05 20:36:13.540054,63.92195210715989,1.6884426353164004,3.6357691891598285,1.5639049341565912,14.0,
user_20,2025-06-05 07:15:10.668770,,1.7042187792457772,3.4162955253656153,1.416212441403401,18.0,9.649202420895392
user_20,2025-06-04 21:04:56.249520,66.215023610272,1.3401898320330208,3.9018596743060314,1.560340001780347,9.0,
user_20,2025-06-04 06:48:34.341248,69.67961117925641,1.3938189229847397,3.462634110086042,1.5441276042323613,21.0,8.727247702146187
user_20,2025-06-03 20:57:13.364680,67.91285659404403,1.5600178479894198,3.045998931438346,1.4213894485877199,11.0,
user_20,2025-06-03 07:03:26.524491,72.14670411400867,1.5979818128280163,2.93477518208619,1.4083834192323579,14.0,9.10365550305128
user_20,2025-06-02 21:24:52.822852,63.38985922753971,,3.2965924952512307,,10.0,
user_20,2025-06-02 06:32:09.050373,75.04735894297984,2.113135488869174,2.9967893031595505,1.6079963637994343,24.0,8.12117431146822
user_20,2025-06-01 21:04:55.491257,64.70292409363753,2.356650994438279,4.112117372267646,1.4307146987986201,6.0,
user_20,2025-06-01 06:16:24.269372,74.80152398140736,2.4028993568449644,3.8762435479411224,1.4479401374397238,18.0,8.19132725419434
user_20,2025-05-31 21:03:03.728170,68.8042332715574,1.8180257983845491,4.194156002711725,1.7499009801412317,5.0,
user_20,2025-05-31 06:21:25.362530,71.89576559363061,1.941048015949628,4.07476114536751,1.510870543394288,20.0,8.306009544656504
user_20,2025-05-30 20:52:33.954854,67.14093123905288,1.716002009437656,3.360484631890107,1.6030588643248935,10.0,
user_20,2025-05-30 06:30:23.737765,67.09675848723025,1.6548634846987933,3.3418957905673894,1.5791086721227185,16.0,8.630495253122103
user_20,2025-05-29 20:14:29.283898,74.45220342577892,1.814792499456067,4.384419837984448,1.3783546985110482,8.0,
user_20,2025-05-29 06:51:56.926998,80.0763755523032,1.9438569455483217,4.304980774755251,1.2681277244654627,18.0,9.62434530538505
user_20,2025-05-28 20:53:28.806797,59.751722505450296,2.2087688558137355,4.820307281744144,2.130411346902417,8.0,
,2025-05-28 06:25:11.388564,72.76574578189604,2.153948825997058,5.2049964407091345,2.0529498499005587,14.0,8.52849493507123
user_20,2025-05-27 19:37:10.343040,68.75549727253654,1.180475086123104,4.014228790591579,1.0844376360287606,15.0,
user_20,2025-05-27 06:39:38.840491,78.21689077902266,1.2165398752666834,3.8415300695985923,1.0813172871348522,16.0,10.041249291855006
user_21,2025-06-09 18:33:05.553294,68.16663413035619,1.8067892558030607,3.297218473071857,1.303001374836597,2.0,
user_21,2025-06-09 06:14:41.038300,69.60466329067722,1.748876844839486,3.201051715169461,1.3726181745525259,14.0,10.693190279510866
user_21,2025-06-08 19:52:50.332069,57.881586815580384,1.2444471805276025,4.391794832399303,1.3642713877411794,9.0,
user_21,2025-06-08 06:05:22.767360,77.9926905604817,1.3246600263894144,4.564239534776699,1.222648682161915,14.0,9.20900980305781
user_21,2025-06-07 18:23:27.560732,69.78351593192829,1.9550839547245114,3.889243368523938,1.4955399432563894,15.0,
user_21,2025-06-07 05:58:42.467504,61.920566062947636,1.9850487235082461,,,16.0,10.587474103189624
user_21,2025-06-06 18:44:36.629183,66.96653525002662,1.5785828749015827,4.090625581301025,1.5920543249964607,,
user_21,2025-06-06 06:14:36.893617,77.31097969358818,1.6234464513530353,4.283023019115394,1.5683531279951979,16.0,10.500073453995356
user_21,2025-06-05 18:17:59.392216,61.83559862557604,1.8567984921877123,4.148622136690062,1.2621535069845742,,
user_21,2025-06-05 06:30:04.768523,,1.8423080342795692,4.05943339391783,1.2734675526898764,13.0,11.201493418495886
user_21,2025-06-04 18:36:05.421721,63.471904444658435,1.9900983074322176,3.6509001626944753,1.8357349346745133,9.0,
user_21,2025-06-04 05:36:41.892095,74.29792436171778,1.9980784558380908,3.878811269899569,1.7969987382192323,17.0,10.010130659375923
user_21,2025-06-03 18:44:20.181048,66.10779236812105,2.1704255742134384,3.4840223789527824,1.6190981795278514,12.0,
user_21,2025-06-03 06:00:29.377553,62.49889069276532,2.092541869931395,3.75423695743541,1.707717298386331,19.0,10.269221251423073
user_21,2025-06-02 18:41:43.811570,66.15921046067425,2.1438090432426193,3.611314257577047,1.8117578368993787,9.0,
user_21,2025-06-02 05:43:33.565567,68.7865062608736,1.954808026124325,3.5203553141015083,1.7077771837966904,14.0,10.030487221394939
user_21,2025-06-01 19:16:28.471116,66.03801675700313,1.8923029960203341,3.452240305577219,1.323849182079454,12.0,
user_21,2025-06-01 06:43:29.086910,68.78469400559567,1.8925317896346845,3.6663133376232047,1.4510384242733196,15.0,10.450171053689811
,2025-05-31 19:06:18.441547,73.19179866135471,1.9143928836794355,4.155826428002389,1.1962178349819865,12.0,
user_21,2025-05-31 05:23:45.275342,69.69798135401545,2.0271709087428254,4.173048601654185,1.1215255064749698,14.0,9.290787165360573
user_21,2025-05-30 19:03:32.212241,62.612946469036,1.6050519343507692,,1.502565728708737,8.0,
user_21,2025-05-30 06:19:44.677088,67.83613058205806,1.6844337810651508,3.982608899244227,1.4779273884572823,12.0,10.270129124194767
user_21,2025-05-29 18:01:27.400417,64.19684440237253,1.654747814625379,3.516876840123373,1.464924308820262,10.0,
user_21,2025-05-29 06:19:57.289989,71.39174317322335,,3.3476048961459783,1.406433543478485,5.0,11.308302658716356
user_21,2025-05-28 18:33:22.680781,66.79737898773563,2.504722736010227,3.64197828186208,1.4166749388769075,13.0,
user_21,2025-05-28 06:09:58.291036,71.97899424354874,2.5310778172057056,3.898797440651703,1.1740357318233867,15.0,10.60989173724834
user_21,2025-05-27 19:20:39.586548,57.17175984197202,0.897710298091873,4.285589703109604,1.548731444740543,8.0,
,2025-05-27 05:51:29.038810,70.5526765873697,0.8350787704735723,4.384402486904708,1.2632687784501038,12.0,9.513736739609186
user_22,2025-06-09 21:38:33.548446,55.703316141699716,1.8136474428992257,4.279168211605853,1.871329487312391,8.0,
user_22,2025-06-09 06:05:11.462870,58.04021897843488,1.8981248804773958,4.278056152876239,1.9891807562922332,16.0,7.443865117851498
user_22,2025-06-08 22:10:41.301755,67.09852804178632,1.8829744516773146,4.004278040412175,1.1858237085748176,13.0,
user_22,2025-06-08 06:38:15.788889,62.18482846714373,1.7650284852265365,4.2912955202566225,1.1510934796790333,15.0,7.459579759568598
user_22,2025-06-07 20:19:22.013651,69.4603379986586,1.6230323046733177,4.349344406758521,1.5050421735080164,7.0,
user_22,2025-06-07 05:46:05.202433,70.82147382685285,1.8426546188885977,4.447941698461413,1.4992903982074701,16.0,8.44533021722349
user_22,2025-06-06 21:20:54.591256,59.54187413920449,1.8701544077368795,4.517721708208472,1.3327875695799951,5.0,
user_22,2025-06-06 06:39:30.225606,74.98816038460123,1.8414749841630524,4.669624685705694,1.3036117063541415,13.0,8.309898430370108
user_22,2025-06-05 20:40:59.190910,69.64704992395407,1.7603590233295359,3.738134348614289,1.2282851969485051,10.0,
user_22,2025-06-05 05:54:25.654892,67.00781209709477,1.6637002342310043,3.7245096635806982,1.264682260033779,14.0,8.224017772791864
,2025-06-04 21:49:24.315520,69.86550780507537,1.56627217818699,4.1016179772930155,1.4084733501324769,11.0,
user_22,2025-06-04 06:17:12.313786,72.54304186616721,1.5232412461915257,3.8048066443081483,1.387626529078436,8.0,7.463332851602786
user_22,2025-06-03 21:50:49.324321,57.36416071705176,1.4834731895469915,4.063133868117034,1.3030690430305474,7.0,
user_22,,65.12939076891816,1.5538159812257224,3.801659911670841,1.1432818295810636,19.0,7.1462556875609025
user_22,2025-06-02 21:08:42.970387,62.67709460942191,1.813307639254682,3.127146283570174,1.5989411307550065,14.0,
user_22,2025-06-02 06:20:45.879953,64.3625195052348,1.9260985385800389,3.1580450166892247,1.5652858717671891,,8.20080821254696
user_22,2025-06-01 20:51:44.895011,70.1815144603624,1.6213395194448423,4.450266538665796,1.839887196601742,7.0,
user_22,2025-06-01 06:06:37.831490,73.77366649033905,1.641281918043519,4.544874195097838,1.7753299893982026,16.0,8.248037910618233
user_22,2025-05-31 20:12:43.303967,63.413247538787324,2.082354559925991,4.095948867936518,1.8896685289579627,10.0,
user_22,2025-05-31 06:32:18.888004,69.76314648727782,1.9241368835913781,3.9078690846396476,1.8335924382599766,15.0,9.32655112114168
user_22,2025-05-30 21:07:09.100321,56.63553049344213,1.9212638595831997,4.357936372345479,1.5454068957729779,14.0,
user_22,2025-05-30 06:08:01.776489,67.01685470694134,2.131057793496443,4.252810185548403,1.5486475971069915,17.0,
user_22,2025-05-29 20:22:21.430595,62.269791005916396,1.4723636398954298,4.067669173946145,1.6988894751017816,6.0,
user_22,2025-05-29 06:25:29.456801,58.14170319570554,1.6765706051882179,4.1267251620703185,1.6212395610524815,16.0,9.052229501579426
user_22,2025-05-28 20:56:23.979524,62.97819003654989,1.5941162592734748,3.2836643551301736,1.5291672940430767,,
,,65.4966430874376,1.4976962521311503,3.4996755669580355,1.6234461454570843,28.0,8.466642773892477
user_22,2025-05-27 21:29:14.579069,70.35964932605899,1.5362151652764036,4.174297559930491,1.474965114323367,13.0,
user_22,2025-05-27 06:29:06.402791,66.65827402576599,1.530107598141166,3.96260943320216,1.225159012574073,22.0,7.997728811770401
user_23,2025-06-09 21:35:12.167623,53.908261199744594,2.2109103322962556,3.456972708940957,1.7510807218919793,8.0,
user_23,2025-06-09 05:48:32.584207,71.75185108193169,2.1264779285779483,3.4774696373725984,1.7027979628112875,14.0,7.222337940179571
user_23,2025-06-08 21:52:31.728244,62.192211268346874,1.6340730549257603,4.347931919546893,1.734688455326489,14.0,
user_23,2025-06-08 05:26:36.696693,,1.65638836040053,4.458309113911324,1.802711476168252,14.0,6.568046791380247
user_23,2025-06-07 21:19:22.822742,65.49943477204606,1.9442233739303951,4.748355203722991,1.4010069039263855,7.0,
user_23,2025-06-07 05:22:33.666694,75.74836009439373,1.9738810677834255,5.001885505960585,,13.0,7.05301220895506
user_23,2025-06-06 20:59:10.974548,68.31025917379236,2.1565790469261024,4.9246810706931905,1.668621066464648,7.0,
user_23,2025-06-06 05:52:26.910656,74.25039666208777,2.1983471221500426,4.946169945561369,,11.0,7.887760029826051
user_23,2025-06-05 21:55:25.430465,71.41908429926781,2.1884956754450866,4.272110176170173,1.6691605745125857,14.0,
user_23,2025-06-05 05:40:46.232549,63.027524655703694,2.293884830674675,4.033205588216966,1.697740903192059,18.0,6.755778356534421
user_23,,57.026220209183336,1.9262098893055437,3.7110396115836446,1.6762293441626739,6.0,
user_23,2025-06-04 05:31:32.476736,67.05333884286318,1.8803460256954352,3.8823801076321556,1.8439670529432228,18.0,6.780512651620366
user_23,2025-06-03 20:40:38.277245,59.02905299453855,1.5123664631439677,3.3237456552796387,1.183282322042484,15.0,
user_23,2025-06-03 05:38:57.083817,73.45236343060756,,3.4552982905097136,1.176329093418257,17.0,7.9718907145402795
user_23,2025-06-02 21:28:03.294758,60.322018506187874,1.7466246372586807,3.5435945403517435,1.4165139236021136,6.0,
user_23,2025-06-02 05:37:42.623227,67.56147313525628,1.8540579377357052,3.642874563898532,1.6240204275369678,17.0,7.160924574895695
user_23,2025-06-01 21:04:05.533206,68.81930175816711,1.7840679594909268,3.7245090982308753,1.5336030681065056,6.0,
user_23,2025-06-01 05:48:31.873449,73.7122945679631,1.7203092052833304,3.7678457220237327,1.503268061358792,21.0,7.740650067647437
user_23,2025-05-31 21:14:31.347901,74.72597537138466,1.253674179211651,3.7011661583725717,1.5740423779883481,7.0,
user_23,2025-05-31 05:42:02.104292,72.05275042663808,1.230567231465883,3.979802409959553,1.6579772894115083,12.0,7.458543441874632
user_23,2025-05-30 21:43:20.797433,63.49767025639648,1.4983195872931603,4.180082091972883,1.3924708484440367,11.0,
user_23,2025-05-30 05:43:18.881128,65.5183367070397,1.5202498210132038,4.338453954050497,1.3354068054240253,12.0,6.999467693194013
user_23,2025-05-29 22:29:17.508455,65.07074632482879,1.621076577609336,3.8504091137862826,1.6617838538785439,9.0,
user_23,2025-05-29 05:20:59.833277,64.11518943615016,1.8031309684035177,3.737130195543338,1.7449455324965841,8.0,5.86175689488968
user_23,2025-05-28 21:52:00.742747,60.077329747590156,1.7982135872361813,4.392001389655374,1.4623477329827388,12.0,
,2025-05-28 05:52:59.606974,67.70171613863502,1.6902293424580326,4.269283868582815,1.4819718270494109,13.0,7.016351173967514
user_23,2025-05-27 21:45:29.092834,65.79044612661592,1.7167367231053345,4.64563691950794,1.584356014850174,14.0,
user_23,2025-05-27 05:55:06.052253,78.1753319726376,1.8479060680326007,4.427208600822193,1.558988407095936,9.0,7.160266505266236
user_24,2025-06-09 21:29:53.099543,60.80553662987132,1.8203515541750814,2.990036333921932,1.788389001160378,6.0,
user_24,2025-06-09 06:35:27.550067,70.27931969922248,1.7893865827762754,,1.50463835702064,18.0,8.092902923277684
user_24,2025-06-08 20:42:40.470118,68.8589808861783,1.906875836611825,4.630759626267758,1.366562183044499,11.0,
user_24,2025-06-08 06:31:29.307836,62.27531326661621,1.852945335165498,4.7080361570373706,1.4503386051991578,14.0,8.81356603267872
user_24,2025-06-07 21:24:59.464879,58.89839655028012,1.1947983605632766,2.5838370375079296,1.6627961720395483,13.0,
,2025-06-07 06:46:59.821094,73.18662341511536,1.3564283648354682,2.30528994307453,1.659341109644152,15.0,8.366765615240935
user_24,2025-06-06 21:01:50.154608,68.13306818631536,1.8136691643425695,4.311703569139958,,6.0,
user_24,2025-06-06 07:23:28.237219,71.23041807658204,1.7334411616286152,4.608095722827265,1.6123662227332556,11.0,9.360578503086243
user_24,2025-06-05 21:30:50.814507,64.21126508384258,1.6074999539608854,4.832675958811765,1.32876603186765,8.0,
user_24,2025-06-05 06:45:19.325607,72.40130250702963,1.5019891864128405,4.997232514978566,1.2325009306757524,18.0,8.241253083462038
user_24,2025-06-04 21:35:08.248891,66.25658324119051,1.7306097171210901,3.711790211832578,1.7942069381634207,12.0,
user_24,2025-06-04 06:32:05.459409,66.01931598406752,1.6356033673744774,3.423069359398625,1.745915954217369,26.0,7.9492251441212645
user_24,2025-06-03 21:37:50.014384,67.63448961832897,1.742738334134046,3.9009021618101403,1.6020314937830367,8.0,
user_24,2025-06-03 07:07:35.290023,73.33134836021762,1.8005361864980018,4.016374866831472,1.5891655491478311,14.0,8.495909899716791
user_24,2025-06-02 21:37:57.147771,64.80628552505229,1.6174947705961988,4.29626515365888,1.5819272237367987,3.0,
user_24,2025-06-02 06:51:06.444827,81.94185996435219,1.7359204351158162,4.4408305326559825,,17.0,8.219249182164436
,2025-06-01 21:10:04.831699,63.48217837367042,1.7757247987011935,2.4147871320609724,1.5421201678595284,10.0,
user_24,2025-06-01 06:35:53.360081,64.05518290232519,1.7707367832883818,2.2055629150484717,1.589460909430775,20.0,8.430146772567834
user_24,2025-05-31 20:45:34.075919,65.17004048114073,1.3904934613720095,4.350747390962357,1.6037742360880245,9.0,
user_24,2025-05-31 06:53:36.383670,70.69322591855043,1.2818808314538686,4.17709519864269,1.6135555653973552,14.0,9.133974375143515
user_24,2025-05-30 21:02:13.013392,62.96557377747813,1.6395729987467031,4.147485727854411,1.200548470964271,13.0,
,2025-05-30 07:07:44.328990,63.65000701303062,1.706457011801325,4.28187464941731,1.2389686781648608,10.0,9.09203211064404
user_24,2025-05-29 20:39:27.691805,66.24774094799038,1.4450831445796832,3.873618372451907,1.7058826201910653,5.0,
user_24,2025-05-29 06:59:01.352328,,,3.4095552528058226,1.7841456028227172,20.0,9.326016812009078
user_24,2025-05-28 20:36:26.176210,49.11648093402,1.8837251575035556,4.145781838340986,1.1618656744787095,10.0,
user_24,2025-05-28 06:27:04.134738,73.65479488188107,,3.727721258570355,1.144839849799119,9.0,8.84387736864938
user_24,2025-05-27 21:05:51.309640,66.32134135822818,1.7549649146238582,3.367996916026318,,10.0,
user_24,2025-05-27 06:09:35.592751,72.53510136067679,1.7492253781164546,3.0889072150753036,1.5264458642449803,12.0,8.06230086414443
user_25,,62.90282623670725,,3.0429699647062662,1.6318902482227222,,
user_25,2025-06-09 06:35:06.186405,76.60207004891917,1.939502941460838,3.1684912242186325,1.6039395018930689,10.0,8.110356620548721
user_25,2025-06-08 20:20:17.541327,64.92950517046664,1.7812055333634536,4.120620124203365,1.5169010291385725,8.0,
user_25,2025-06-08 07:03:56.284806,74.34386250295385,,,1.5788749076088593,15.0,9.7274287442423
user_25,2025-06-07 20:31:36.459911,61.20617371032313,2.205255699209702,,1.33872461417639,11.0,
user_25,2025-06-07 06:50:56.201228,59.10894340134285,2.152309002859001,3.560792009810951,1.3866607095193322,15.0,9.32215036579326
user_25,2025-06-06 21:01:35.599886,65.74438401958845,2.154470314925744,5.171827026406312,1.6741493289176805,6.0,
,2025-06-06 07:06:39.168837,67.62102277997549,,5.034424206466412,1.5390937324833822,12.0,9.084324708605955
user_25,2025-06-05 20:51:23.402659,64.81834695978829,1.8440805895160064,3.738934214990004,2.1153720740361006,11.0,
user_25,2025-06-05 07:14:03.375865,66.95996928531338,1.742632616845265,3.470919800765217,2.158593743112026,19.0,9.377770335093814
user_25,2025-06-04 21:15:28.560901,71.86957192605725,1.5442839701777689,4.237682805346005,1.6264908433284602,7.0,
user_25,2025-06-04 06:41:02.338264,66.14114021303563,1.705236036755366,4.283181980492416,1.690087618399634,12.0,8.426049267315165
user_25,2025-06-03 20:28:34.743321,64.37989306305002,1.4807339979547953,3.9950775956748084,1.1622989623863,6.0,
user_25,2025-06-03 06:29:24.799476,64.86298224236995,1.443407173360664,4.123981294003866,1.2551235315207325,11.0,9.013904487616669
user_25,2025-06-02 20:53:41.871463,60.882325146870755,1.6445242083416394,4.662638045218519,1.6654230857131536,10.0,
user_25,2025-06-02 06:52:25.062950,75.31328645393764,,4.932860863215862,1.7946976146649742,22.0,
user_25,2025-06-01 21:35:34.472013,66.52621563265676,1.9762175099418038,4.707093644165545,1.5894787874137952,12.0,
user_25,2025-06-01 06:40:33.117856,63.5471928902689,,4.926403067811596,1.3703534022972672,16.0,8.082957178702774
user_25,2025-05-31 20:31:52.176607,67.71695413935905,1.800944318071898,4.6149951842193415,1.6965366285539882,4.0,
user_25,,,1.9049505000621556,4.467040951424748,1.563075567862965,20.0,8.87505491807191
user_25,2025-05-30 20:52:52.123434,71.26566412384122,2.0369759166542556,4.484784512876454,1.5653710801220875,14.0,
user_25,2025-05-30 06:24:34.008064,69.74238535737678,2.0872849535166305,4.421034849827227,1.4623898952679029,24.0,8.528301286075166
user_25,2025-05-29 20:25:59.515020,63.82144377571666,1.5181610274042052,4.559622458782048,1.4411088484823933,10.0,
user_25,2025-05-29 07:15:43.426681,64.95775633726325,1.3095712396308714,4.265215044176689,1.3037253659925272,15.0,9.828864350380153
user_25,2025-05-28 20:57:21.041058,53.89789495532437,1.4406100712348215,4.443539888223143,1.5573548224765172,12.0,
user_25,2025-05-28 06:46:55.468992,,1.4475470515006286,4.482059271969405,1.7965657860039166,15.0,8.826229981459901
user_25,2025-05-27 20:42:13.108867,67.8338586309209,1.6027882338015826,3.975517484570775,1.642282115893099,7.0,
,2025-05-27 07:45:36.393710,67.88120158988649,1.5574468229631973,3.616388850044772,1.6092730967229552,12.0,10.056468011804256
user_26,2025-06-09 22:10:53.173648,64.29235181331076,2.2794965422923097,4.3667739067529325,1.5017567309796296,10.0,
,2025-06-09 06:40:21.552780,70.77662499599701,,4.35519235677755,1.4282450509071707,12.0,7.491216425388803
user_26,2025-06-08 23:41:13.549324,58.82744000788802,1.4904101148458462,3.7798703978068,1.7576151449704756,12.0,
user_26,2025-06-08 06:44:53.920481,73.65500313392741,1.5442536105674913,3.923017246040968,1.9970513350287207,14.0,6.061214210243719
user_26,2025-06-07 23:21:37.786615,66.9158409487945,1.949728744841325,,1.4659228469223609,12.0,
user_26,2025-06-07 06:30:00.401284,59.62756824491844,1.947525258440898,,1.4472549506910164,13.0,6.139615185985033
user_26,2025-06-06 22:54:11.628154,65.09729127759442,1.7584463266178325,3.7880549788388236,1.4389622309038497,7.0,
user_26,2025-06-06 07:03:28.915500,73.71825887770086,1.7379586602313608,3.794334151945379,1.5997200615438008,7.0,7.15480204061036
user_26,2025-06-05 21:57:32.731343,63.9016527382452,1.9828578135625805,3.222313133079379,1.5401690186231418,14.0,
user_26,2025-06-05 06:46:27.105120,71.6721925742426,2.130665003398225,3.0235952299605717,1.5537614753449767,10.0,7.815103826934184
user_26,2025-06-04 23:01:36.124632,76.62336652926409,1.7948981776548507,4.252510544136883,1.5169036951630654,9.0,
user_26,2025-06-04 06:31:47.579318,63.04020809524134,1.9653083854607625,4.229488605352235,1.4823117622583484,12.0,6.503181857473752
user_26,2025-06-03 22:09:54.438359,65.3403613462431,2.1086306974270443,4.250842522584394,1.5496650285031763,10.0,
user_26,2025-06-03 06:46:02.617916,64.63155670541124,2.1167389517171267,4.154712934286746,1.8036031907814625,16.0,7.60227209906466
user_26,2025-06-02 22:31:42.983737,57.978802168692056,1.7597459367969226,4.259679372818944,1.8346727892305048,11.0,
user_26,2025-06-02 06:34:01.642170,63.097006470501746,1.7161303926461742,4.208155275716745,1.827709443900494,11.0,7.03851623138582
user_26,2025-06-01 22:24:42.080974,64.92864823525306,1.8448793872556364,,1.587201155044516,,
user_26,2025-06-01 06:59:49.597432,72.39753774000805,1.9177735067126813,3.910443432507203,1.5212972275556516,19.0,7.585421238467479
user_26,2025-05-31 23:03:55.779527,62.962699463541995,2.0723886940881147,4.061739904582297,1.4751428445675128,,
user_26,2025-05-31 06:40:49.955794,72.59050851014987,2.0194685931069634,3.8878825071845684,1.4740561308640157,16.0,6.615048963084085
user_26,2025-05-30 22:27:23.331160,59.349106352576584,1.8819032152483157,2.962679981226816,1.481608643479147,9.0,
user_26,2025-05-30 06:44:55.558067,66.16939584694664,1.7690969597675463,3.024658937102943,1.354250088619487,10.0,7.292285252021728
,,74.00715049633244,1.4095236051590008,3.0734907585512152,1.4750226229299865,15.0,
user_26,2025-05-29 06:44:55.204382,75.20215446322419,1.2140187281271726,2.999702870744923,1.496403502324093,,6.925272505133776
user_26,2025-05-28 22:13:51.055843,64.79353656496359,1.9668066290526873,3.7043576055990526,1.1306853904391165,9.0,
user_26,2025-05-28 06:36:55.303873,65.7678284927051,2.0593738500029595,3.6382026263944423,1.0796693090740948,22.0,7.384513341530987
user_26,2025-05-27 23:44:21.877985,69.13618053828712,2.1479519899165034,3.7470169005060723,1.2948263788061047,6.0,
user_26,2025-05-27 06:45:45.568620,69.12352735047993,2.1878837500884165,3.819095579509688,1.345255164144532,12.0,6.023247398511042
user_27,2025-06-09 21:32:02.707985,59.00524301003062,2.3354325117555286,4.006725182309647,1.4550293888410297,10.0,
user_27,2025-06-09 05:58:04.545049,,2.3770161953841344,4.126767775458502,1.5508225943625982,16.0,7.433843629116211
user_27,2025-06-08 21:15:46.873673,63.71527437439109,1.8923497117541654,5.034113020752912,1.2204389043151407,15.0,
user_27,2025-06-08 06:36:26.423123,69.49002641682034,1.8081064487415328,5.184287576633178,,15.0,8.344319291778433
user_27,2025-06-07 21:29:28.049471,57.20606502488079,,4.211944741221993,1.306843473427208,7.0,
user_27,2025-06-07 06:05:05.980930,65.91158801697433,1.9324289447611867,4.129448938844406,1.2329737235942517,16.0,7.593869849898468
user_27,2025-06-06 22:25:02.302428,61.10490289240007,1.881726418996083,4.208732544910648,1.7382171709546954,6.0,
user_27,2025-06-06 06:00:03.547069,75.46053391991214,1.8269358885753895,3.941560064076925,1.810630826886145,16.0,6.583679066714893
user_27,2025-06-05 21:11:28.223635,68.49459842540395,1.6770596268619402,,1.2059020897537498,10.0,
user_27,2025-06-05 05:52:03.849140,66.79459366730822,1.742965061253282,4.5970582789135985,1.2658598438782853,16.0,7.676562640063068
user_27,2025-06-04 21:10:57.315034,71.81688256769169,1.6184531293182007,4.455209249842785,1.8147468433110212,9.0,
user_27,2025-06-04 06:23:00.863549,76.61372233442567,1.601540860753919,4.471123956831218,1.8906292849273822,9.0,8.200985698616732
user_27,2025-06-03 22:13:11.946998,67.76784765533897,1.722809999814663,4.541056156496571,1.4741931769740433,7.0,
user_27,2025-06-03 05:59:27.845349,68.63794991698157,1.8461824276482823,4.380037120290469,1.4930407530758536,13.0,6.7710828752815395
user_27,2025-06-02 21:02:09.654931,63.897308854217314,1.7418883860585115,4.270143972017848,1.544656182651074,16.0,
user_27,2025-06-02 05:53:13.377002,75.42099122021772,1.762918690080711,4.309822675453345,,17.0,7.851033908734543
user_27,2025-06-01 22:01:43.788297,56.26552154327223,1.6383717487961713,3.8725265147982055,1.5512341211388556,8.0,
user_27,2025-06-01 06:36:16.416384,67.43732944676725,,3.803089215775753,1.6283143431376528,,7.575730024041373
user_27,2025-05-31 20:56:24.305098,62.19331001778897,1.7011532099346043,4.837429836457033,1.4450395390494624,10.0,
user_27,2025-05-31 05:35:10.297546,73.06885427894954,1.7386987956973297,4.870943857617231,1.561265498800029,,7.646109013201421
user_27,2025-05-30 20:58:30.102319,60.47526083530967,1.257887581520455,3.862577349665104,1.4907477565467315,5.0,
user_27,2025-05-30 06:16:50.870109,69.04879577793392,1.1081429146598802,,,18.0,8.305768830408692
user_27,2025-05-29 21:10:11.685352,59.37206442984015,1.4711339025394305,3.966064309150259,,10.0,
user_27,2025-05-29 06:28:06.490003,73.04367794562208,1.4154208452822075,3.8487812793725045,1.5243491131021318,17.0,8.298556847437492
user_27,2025-05-28 22:12:43.864301,65.11597989278687,2.2053047257461,3.2437355173505624,1.2338589737338148,11.0,
user_27,2025-05-28 05:35:35.435347,70.51429288966168,2.220238916852088,2.961524151137346,1.314174447995217,,6.380991957062172
user_27,2025-05-27 20:50:40.757193,66.55745429398895,1.4436704280247419,3.801338373724319,1.6068729797272767,10.0,
user_27,2025-05-27 06:16:26.021592,62.342323423781785,1.5586971676145716,3.760281569825069,1.7187279741528094,11.0,8.429240110899329
user_28,,68.22297716207588,1.685264280699213,3.0120183500541904,1.3859371864427068,6.0,
user_28,2025-06-09 06:35:03.932290,74.62987550357309,1.6761566946639104,2.9764991511024426,1.4515264002214652,15.0,9.203256866839768
user_28,2025-06-08 20:21:01.023113,56.130151919439356,1.594185072889446,3.691393876676019,,8.0,
user_28,2025-06-08 06:50:04.610529,73.43966486025714,1.5328867457623772,3.6799856433054305,1.6398102349181483,11.0,9.484329837917624
user_28,2025-06-07 20:18:38.079797,62.29496567108551,2.0266997516232945,3.8890558643538657,1.2300453861237537,16.0,
user_28,2025-06-07 07:28:06.991998,71.59982595572582,1.8860054115719775,3.800686078905701,1.2411340244065954,14.0,10.158031166878292
user_28,2025-06-06 21:13:26.056947,71.99743213486171,1.611403708477629,3.8612431905698834,1.292738150525246,17.0,
user_28,2025-06-06 06:52:37.631129,75.45091735510223,1.5365941020154643,3.4677781777246843,1.2906136725976218,17.0,8.653215050482322
user_28,2025-06-05 21:29:36.984307,66.90867084481255,1.6879894724990747,3.749901091452002,1.4660295284644538,9.0,
user_28,2025-06-05 07:25:45.048320,67.58843214531848,1.7978878082432712,4.141868542400937,1.5110908334075925,15.0,8.935573336857452
user_28,2025-06-04 20:48:10.683201,67.14171025330363,1.5865613417748885,3.8077715605114544,1.4177950126993655,12.0,
user_28,2025-06-04 07:14:40.721984,,1.4589930757753153,3.782062301861063,1.3526275004837238,15.0,9.441677439708375
user_28,2025-06-03 21:05:14.840228,67.66603658949656,1.8496210980899113,3.3089912156537813,1.4032765720889127,9.0,
user_28,2025-06-03 07:11:26.492398,68.86446996109537,1.8354453426871573,3.3361038989367233,1.4761284364403662,13.0,
user_28,2025-06-02 20:59:17.430918,68.13269181668471,1.4281313141759282,3.2485646956588052,1.3508115747048797,8.0,
user_28,2025-06-02 06:44:22.904403,75.59316167077105,1.4294356516136235,3.2127144905874228,1.3398110248347745,13.0,8.751520412491102
user_28,2025-06-01 21:23:37.098576,66.05248149460752,,5.250450248967141,1.2888721020402807,12.0,
user_28,2025-06-01 06:49:55.388541,78.44594466825839,1.9188664635478596,5.4952399995963415,,12.0,8.438413879144232
user_28,2025-05-31 21:45:13.756015,67.34489039074234,1.6524129285391551,4.664028444493484,1.3054470966479998,16.0,
user_28,2025-05-31 07:03:36.520958,69.6821323040694,1.5073201394280327,4.679143719027492,1.4103335108355362,,8.30632359516029
user_28,2025-05-30 20:12:47.230578,64.86869603365074,1.6126468634734268,4.373490420052355,1.5062983124523992,6.0,
user_28,2025-05-30 07:08:42.648731,69.9860694466655,1.5593378232718436,4.304677628711509,1.468844897377374,13.0,9.932060598222396
user_28,2025-05-29 20:24:06.526165,65.9668972596208,1.395546886371753,4.007841118235812,1.880053684862193,10.0,
user_28,2025-05-29 07:14:42.270241,75.83754911493223,1.3231504133249743,3.8789730648314156,1.6061396642484456,17.0,9.84326224322394
user_28,2025-05-28 21:19:44.245505,72.70161989909943,1.634046826395819,3.8730241468013826,1.3492275772618076,9.0,
user_28,2025-05-28 07:03:10.634997,72.04719265321125,1.6063796492239044,3.8957030251947207,1.3951269774292367,12.0,8.723997080906482
user_28,2025-05-27 20:37:44.208351,69.85158100894141,1.925627988038249,4.11029176886868,1.2458096557815435,13.0,
user_28,,73.29765734794569,2.1022791680710124,4.318012982710443,1.2551254895515176,14.0,9.19563741329776
user_29,2025-06-09 21:31:36.729513,64.23047386512656,1.7038844821689618,3.11030053474639,1.3120064341699866,10.0,
user_29,2025-06-09 06:28:48.216716,71.63905536787061,1.7991322978642423,2.94812174750634,,23.0,7.953190889606908
user_29,2025-06-08 20:57:41.188172,69.32412219245505,1.8454209143855198,4.14922590699072,1.3434802805162822,9.0,
user_29,2025-06-08 06:32:57.028540,68.30120496176238,,4.306507149389883,1.2875256519873353,15.0,8.587733435613744
,,56.28526234756667,1.6177293624661333,4.784091214763663,1.7895592836915732,12.0,
user_29,2025-06-07 06:37:07.164816,69.34537097436937,1.7305533407930171,4.608922733464641,1.7089793182031527,15.0,7.906717621576043
user_29,2025-06-06 22:01:15.311603,61.64243896509727,1.7835664918983525,3.5387935075780232,1.5014725362847134,7.0,
user_29,2025-06-06 05:53:36.602900,73.4696161659563,1.8552254258743177,3.1927409614811544,1.6348611108347708,15.0,6.872580915737885
user_29,2025-06-05 21:00:40.064695,79.12165295501524,1.4043094505092468,4.010053233434549,,6.0,
user_29,2025-06-05 06:44:26.193022,65.24407814806023,1.3701272684846333,3.80866776124552,1.5407069865048528,22.0,8.729480090812476
user_29,2025-06-04 21:02:58.517239,57.52981103355125,2.176543736512471,,1.2463726390049374,8.0,
user_29,2025-06-04 06:17:11.713726,71.65823833562881,2.0718279796434445,,1.298768690212611,23.0,8.23699902414841
user_29,2025-06-03 21:07:54.250381,61.27416114841325,1.7685096877309128,4.306395370791645,1.49490117428296,8.0,
user_29,2025-06-03 06:16:18.902080,74.86863115426183,1.798389465763089,4.151704201984959,1.684774672418484,10.0,8.14018102747803
user_29,2025-06-02 21:45:36.197722,66.99024108254632,1.918373995645266,3.7871221976742047,1.590099144755607,8.0,
user_29,2025-06-02 06:15:30.734638,67.83063268510405,,3.6337087065941445,1.5297153150062883,17.0,7.498482476762874
user_29,2025-06-01 21:06:27.739954,58.92596932055678,1.1375157671315246,3.8847068007381935,,11.0,
user_29,2025-06-01 06:19:16.728118,75.11420735775383,1.118471148538603,3.7698902853207397,1.4990593363275226,18.0,8.213607823227822
user_29,2025-05-31 21:01:03.411633,,1.901507232580788,3.5037109966355886,1.5040834334425837,10.0,
user_29,2025-05-31 05:53:50.505826,68.08062629334609,,3.5001320012339185,1.406443428576204,10.0,7.879748386946389
user_29,2025-05-30 22:01:37.820608,58.22014827570018,1.7412644187094257,3.4788642059763757,1.6140842346721591,14.0,
user_29,2025-05-30 06:14:15.487711,70.14715295838776,1.7929288633030225,3.2825990186728826,1.4736025402794084,12.0,7.210463084179278
user_29,2025-05-29 22:16:33.256854,64.17879007483984,2.0092760911017598,3.581954164890187,1.5616019804434682,16.0,
user_29,2025-05-29 05:56:46.361247,63.8372984438986,1.94082691804048,3.67341902110754,1.7714241278981429,23.0,6.670306775699878
user_29,2025-05-28 21:16:41.521717,,1.2758334999104233,4.047310522334679,1.1748911932875878,8.0,
user_29,2025-05-28 05:35:06.336295,85.49149717035628,1.25001598610728,4.149335394584694,1.1099547113261998,17.0,7.306892938332652
user_29,2025-05-27 21:55:13.003297,65.68373323699615,1.10873641921681,3.8194953883737153,2.040605512881017,7.0,
user_29,2025-05-27 06:16:04.318992,75.51608786026829,1.2529306594120702,3.86328817154491,1.9564233496942018,10.0,7.347587692980348
user_30,,65.88075225943847,1.4250538981231908,3.867381229764899,1.5067438109802107,12.0,
user_30,2025-06-09 06:55:21.830927,67.01552607634014,1.2576069520778663,,1.5101813418828567,19.0,11.26535001181243
user_30,2025-06-08 18:56:47.523783,64.40190187815614,1.469044685630072,4.4102767514439485,1.5368618128156206,11.0,
user_30,2025-06-08 06:42:58.119914,63.861600177719716,1.4099168846931014,4.4819456536591495,1.417206019953952,14.0,10.769610036267046
user_30,2025-06-07 19:25:30.926205,62.27406877636839,2.678181027741999,3.502822467184563,1.3157097953142158,5.0,
user_30,,73.06166107001256,2.5803221887431333,3.226504123491847,1.135888321373305,15.0,10.247277568548927
user_30,2025-06-06 18:54:51.367127,61.842814862584085,2.1730217391561486,4.614015104804068,,7.0,
user_30,2025-06-06 06:18:14.315057,66.7143251886097,2.1032498487663243,4.483322525659107,1.3943852409213235,17.0,10.389707758326388
user_30,2025-06-05 19:14:41.795378,60.44677456408755,2.1813195978021103,3.509968849079693,1.1764398772369327,11.0,
user_30,2025-06-05 06:57:22.990177,57.98165699449735,2.320565191950417,3.6444275306877736,1.0263922223206325,16.0,10.71144299954445
user_30,2025-06-04 18:41:45.847863,60.82907575633688,1.1201843717552151,3.8246108971992228,1.4544560770328494,9.0,
user_30,2025-06-04 07:03:24.482404,72.25481317388238,,3.510380426975646,1.5626074856628236,19.0,11.36073181686719
user_30,2025-06-03 19:05:00.707004,70.45902669537323,1.778933891544715,2.738861041256025,1.4696065235367923,8.0,
user_30,2025-06-03 07:09:36.705184,69.11933248224511,1.4889825035578668,3.07313055634352,,,11.076666160945337
user_30,2025-06-02 18:56:50.268001,60.5324245374036,2.0393552104146417,3.0632793480226916,1.6291780840551784,10.0,
user_30,2025-06-02 06:30:44.781528,73.22061883925055,2.047554091797114,2.712803928994492,1.5431051677156447,16.0,10.565142646381391
,2025-06-01 18:34:53.068286,61.01967931139683,1.830875217156971,2.842977966999947,1.834688377124597,9.0,
user_30,2025-06-01 06:58:28.836335,76.22282580177628,2.054025108259746,2.5788022959244836,1.9118285566149735,8.0,11.393268902351963
user_30,2025-05-31 19:03:55.129590,57.27783075875878,1.947865191555561,4.4168016024186745,1.3797746894662306,9.0,
user_30,2025-05-31 07:11:30.939701,70.68298697794376,1.9504037193527881,4.273486904733853,1.4607341330634191,19.0,11.126613919820286
user_30,2025-05-30 19:00:11.486106,68.0129013398917,1.6663049090910016,5.026909345043298,1.3374908459756027,7.0,
user_30,2025-05-30 07:28:25.471083,76.84039675244301,1.6788950479304976,5.197134164719345,,15.0,11.470551382600991
user_30,2025-05-29 19:24:27.675763,54.231347131042696,,3.6807070874274848,1.830661927435706,15.0,
user_30,2025-05-29 07:01:44.684195,65.00779573561641,2.096420184155761,4.078981171110866,1.8699532784905277,14.0,10.621391231149886
user_30,2025-05-28 18:39:58.327270,65.20462374364462,1.9304823115103695,3.8030066593784397,1.6075536380736968,7.0,
user_30,2025-05-28 06:56:02.650500,65.00846612354472,,3.975712307882744,1.624700569832736,13.0,11.26786756382188
user_30,2025-05-27 19:17:55.442449,59.14859646801612,1.4657755925300737,3.684534583131105,1.311587963285151,15.0,
user_30,2025-05-27 06:40:39.914375,68.39420480647149,1.3072130218531144,3.912548152430137,1.227878949923647,20.0,10.3790199793991
